Word1;Word2;Word3;Word4;Word5;Word6;Word7;Word8;Word9;Word10;Word11;Word12;Word13;Word14;Word15;Word16;Word17;Word18;Word19;Word20;Word21;Word22;Word23;Word24;Word25;Word26;Word27;Word28;Word29;Word30;Word31;Word32;Word33;Word34;Word35;Word36;Word37;Word38;Word39;Word40;Word41;Word42;Word43;Word44;Word45;Word46;Word47;Word48;Char1;Char2;Char3;Char4;Char5;Char6;Capitalrun1;Capitalrun2;Capitalrun3;Spam
0;0;0;0;2,25;0;0;0;0;0,75;0;0;0;0;0;0;0;0;1,5;0;0;0;0;0;0,75;0,75;1,5;1,5;0;0;0;0;0;0;0,75;0;0;0;0;0;0;0;0;0;0;0;0;0;0;0,128;0;0;0,128;0,128;3,657;28;128;-1
0;0;0;0;0;0;0;0;0;0;0;0;0;0;0;0;0;0;0;0;0;0;0;0;0;0;0;9,09;0;0;0;0;0;0;0;0;0;0;0;0;0;0;0;0;0;0;0;0;0;1,153;0;0;0;0;3,8;23;38;1
0;0;0;0;0;0;0;4,68;0;0;0;0;0;0;0;0;1,56;0;0;0;0;0;0;0;0;0;0;0;0;0;0;0;0;0;0;0;0;0;0;0;0;0;0;0;0;0;0;0;0;0;0;0;0;0;1,153;3;15;-1
0;0;0;0;0;0;0;0;0;0;0;0;0;0;0;0;0;0;4,16;0;0;0;0;0;4,16;0;4,16;0;0;0;0;0;0;0;0;0;0;0;0;0;0;0;0;0;0;0;0;0;0;0;0,751;0;0;0;1,428;4;10;-1
0;0;0;0;0;0;0;0;0;0;0;1,81;0;0;0;0;0;0;1,81;0;0;0;0;0;0;0;0;0;0;0;0;0;0;0;0;0;0;0;0;0;0;0,9;0;0;0;0;0;0;0;0,159;0;0;0,159;0;1,515;5;50;-1
0;2,7;0;0;0;0;0;0;0;2,7;0;0;0;0;0;0;0;0;8,1;0;0;0;0;0;0;0;0;0;0;0;0;0;0;0;0;0;0;0;0;0;0;0;0;0;2,7;0;0;0;0;0;0;0;0;0;2,538;21;33;-1
0;0;0;0;0;0;0;0;0;0;0;0;0;0;0;0;0;0;0;0;0;0;0;0;0;0;0;0;0;0;0;0;0;0;0;0;0;0;0;0;0;0;0;0;0;0;0;0;0;0;0;0;0;0;3,888;8;35;-1
0,31;0;0;0;0,94;0;0;0;0;0;0,31;0;0;0;0;0,31;0;0,31;3,76;0,31;0,62;0;0;0,62;0;0;0;0;0;0;0;0;0;0;0,31;0;0;0;0;0;0;0;0;0;1,25;0;0;0;0;0,055;0;0,055;0,111;0;2,358;32;125;1
0,58;0;0;0;0;0;0;0;0;0;0;0,58;0;0;0;0;0;0;0,58;0;0;0;0;0;1,76;1,17;1,76;0,58;0,58;0,58;0,58;0,58;1,76;0,58;0,58;0,58;0,58;0;0,58;0,58;0;0;0,58;0;0,58;0;0;0;0;0,414;0;0,103;0;0;2;12;94;-1
0,59;0,59;0;0;0;0;0;0;0;0;0;0;0;0;0;0;0;0;1,19;0;0,59;0;0;0;0;0;0;0;0;0;0;0;0;0;0;0;0;0;0;0;0;0;0;0;0,59;1,19;0;0;0;0,212;0;0,212;0;0,106;1,7;11;68;-1
0,17;0;0,17;0,17;1,44;0,34;0,05;0,05;0,05;0,05;0,05;0,51;0,28;0,05;0;0;0,69;0,05;4,14;0,23;1,09;0,17;0,74;0,05;0;0;0;0;0;0;0;0;0;0;0;0;0;0;0;0;0;0;0;0;0;0;0;0;0,01;0,05;0;0,01;0,161;0,03;2,051;51;521;1
0;0;0;0;0;0;0;0;0;0;0;0;0;0;0;0;0;0;0;0;0;0;0;0;0;0;20;0;0;0;0;0;0;0;0;0;0;0;0;0;0;0;0;0;0;0;0;0;0;0;0;0;0;0;1;1;5;-1
0;0,34;1,02;0;0,68;0,34;0,34;0;0;0;0;0,34;0;0;0;2,04;0;0,34;4,76;0;2,38;0;0;0,34;0;0;0;0;0;0;0;0;0;0;0;0;0;0;0;0;0;0;0;0;0;0;0;0;0;0,161;0;0,215;0;3,879;6,978;56;328;1
0;0;0;0;0;0;0;0;0;0;0;0;5,55;0;0;0;0;0;0;0;0;0;0;0;0;0;0;0;0;0;0;0;0;0;0;0;0;0;0;0;0;0;0;0;0;0;0;0;0;0;0;0;3,26;0;2,444;10;44;1
0,34;0,05;0,58;0;0,63;0,17;0;0;0,75;0,23;0,34;1,27;0,34;0;0;0,58;0,05;0,17;3,01;2,61;1,5;0;0,17;0,34;0;0;0;0;0;0;0;0;0;0;0;0;0;0;0;0;0;0;0;0;0;0;0;0;0;0,204;0;0,13;0,186;0,027;4,225;131;1107;1
1,01;0,33;0,5;13,63;0;0,67;0;0,16;1,34;0,33;0;0,67;0;0,16;0;0,5;0;0,16;2,02;0,33;0,84;0;0;1,17;0;0;0;0;0;0;0;0;0;0;0;0;0;0;0;0;0;0;0;0;0;0;0;0;0;0,204;0;0,613;0,229;0,051;9,652;151;888;1
0;0;0;0;0,63;0;0;0;0;0;0;0;0;0;0;0;0;0;0;0;0;0;0;0;0;0,31;0;0;0;0;0;0;1,26;0;0;0;0;0;0;0;0,31;0;0;0;0,31;0;0;0;0;0,14;0;0;0;0;1,592;7;129;-1
0,08;0,17;0,34;0;1,46;0,17;0,08;0;0,25;0,08;0;1,37;0;0,08;0;0,51;0,08;0,08;3,43;0;0,77;0;0,08;0,17;0;0;0;0;0;0;0;0;0;0;0;0;0;0;0;0;0;0;0;0;0;0;0;0;0;0,077;0,064;0,348;0,103;0,012;5,392;119;1456;1
0;0;0;0;0,94;0;0;0;0;0;0;0;0;0;0;0;0;0;1,88;0;2,83;0;0;0;0;0;0;0;0;0;0;0;0;0;0;0;0;0;0;0;0;0;0;0;0;0;0;0;0;0;0;0,443;0;0;4,652;31;107;1
0;0;0;0;0;0;0,57;0;0;0,57;0;1,15;0,57;0;0;0;0;0,57;4,62;0;1,15;0;0;0,57;0;0;0;0;0;0;0;0;0;0;0;0;0;0;0;0;0;0;0;0;0;0;0;0;0;0;0;0,518;0;0;10,117;33;172;1
0;0;0;0;0;0;0;0;0;0;0;0;0;0;0;0;0;0;0;0;0;0;0;0;5,12;0;0;0;0;0;0;0;0;0;0;0;1,28;0;2,56;0;0;0;0;0;0;0;0;0;0;0,131;0;0,262;0;0;1,625;7;65;-1
0;0;0,71;0;0,23;0;0;0;0,23;0,23;0,23;1,9;0;0;0;0,23;0;0;3,81;0,23;1,19;0;0;0;0;0;0;0;0;0;0;0;0;0;0;0;0;0;0;0;0;0;0;0;0;0;0;0;0;0,112;0;1,046;0,037;0;4,022;97;543;1
0;0;0;0;0;0;0;0;0;0;0;0;0;0;0;0;0;0;4,34;0;0;0;0;0;0;0;0;0;0;0;0;0;0;0;0;0;0;0;0;0;0;0;0;0;0;0;0;0;0;0;0;5,844;0;0;1,666;5;15;1
0;0;0;0;0,75;0;0;0;0;0;0;0;0;0;0;0;0;0;1,5;0;0;0;0;0;3,75;3;2,25;0,75;0,75;0,75;0,75;0,75;0;0,75;0,75;0,75;0,75;0;0,75;0,75;0;0,75;0,75;0;0,75;0;0;0;0;0,222;0;0;0;0;1,833;12;77;-1
0,31;0;0,63;0;0,47;0,47;0,15;0,79;0,15;0,63;0,31;1,42;0;0;0;0;1,58;0;2,05;1,58;3,95;0;0,15;0,47;0;0;0;0;0;0;0;0;0;0;0;0;0;0;0;0,15;0;0;0;0;0,15;0;0;0;0;0,076;0;1,3;0,127;0;5,241;97;650;1
0;0;0;0;0;0;0;0;0;0;0;0;0;0;0;0;0;0;0;0;0;0;0;0;0;0;4,54;0;0;0;0;0;0;0;0;0;4,54;0;4,54;0;0;0;0;0;0;0;0;0;0,675;1,351;0;0;0;0;3,7;26;37;-1
0;0;0;0;0;0;0;0;0;0;0;0;0;0;0;0;0;0;2,29;0;0;0;0;0;2,29;0;0;0;0;0;0;0;0;0;0;0;0;0;0;0;0;0;0;0;0,76;0;0;0;0;0,258;0;0;0;0;3,74;53;101;-1
0;0;0;0;0;0;0;0;0;1,38;0;0;0;0;0;0;0;1,38;0;0;0;0;0;0;0;0;0;0;0;0;0;0;0;0;0;0;0;0;0;0;0;0;0;0;1,38;2,77;0;0;0;0,213;0;0;0;0;1,72;11;43;-1
0;0;0;0;0;0;0;0;0;0;0;0;1,47;0;0;0;0;0;2,94;0;2,94;0;0;0;0;0;0;0;0;0;0;0;0;0;0;0;0;0;0;0;0;0;0;0;0;1,47;0;0;0;0;0;0;0;0;4,312;47;69;-1
0;0;4;0;0;0;0;0;0;0;0;0;0;0;0;0;0;0;4;0;0;0;0;0;0;0;4;0;0;0;0;0;0;0;0;0;0;0;0;0;0;0;0;0;0;0;0;0;0;0;0;0,613;0;0;1;1;14;-1
0;0;0,32;0;0,32;0;0;0;0;0;0;0,64;0;0;0;0;0;0;0,32;0;0;0;0;0;0,64;0,64;0;0;0;0;0;0;0;0;0;0,32;0,64;0;0;0;0;0;0;0;0;0;0;0;0;0,04;0;0;0;0;1,902;10;175;-1
0;0;0;0;0;0;0;0;0;0;0;0;0;0;0;0;0;0;0;0;0;0;0;0;11,11;0;0;0;0;0;0;0;0;0;0;0;0;0;0;0;0;0;0;0;0;0;0;0;0;0;0;0;0;0;1,4;2;7;-1
0;0;2,5;0;0;0;0;0;0;0;0;0;0;0;0;5;0;0;0;0;0;0;0;0;0;0;0;0;0;0;0;0;0;0;0;0;0;0;0;0;0;0;0;0;0;0;0;0;0;0,303;0;0,909;0;0;2,857;11;40;1
0,99;0;0,99;0;0;0;0;0;0;0;0;0;0;0;0;0;0;0;1,98;0;0;0;0;0;0;0;0;0;0;0;0;0;0;0;0;0;0;0;0;0;0;0;0;0;1,98;2,97;0;0;0;0;0;0,186;0;0;1,937;15;62;-1
0;0;0,27;0;0;0,27;0;0;0;0;0;0,27;1,39;0;0;0,27;0;0,27;2,79;0;0,55;0;0;0;0;0;0;0;0;0;0;0;0;0;0;0;0;0;0;0;0;0;0;0;0,27;0,27;0;0;0,051;0;0;0;0;0;1,195;6;55;-1
0;0;0;0;0;0;0;0;0;3,92;0;0;0;0;0;0;0;0;1,96;0;0;0;0;0;0;0;0;0;0;0;0;0;0;0;0;0;0;0;0;0;0;0;0;0;0;0;0;0;0;0;0;0;0;0;1,55;3;31;1
0;0;0;0;0;0;0;0;0;0;0;0;0;2,63;0;0;0;0;0;0;0;0;0;0;0;0;0;0;0;0;0;0;0;0;0;0;0;0;0;0;0;0;0;0;0;0;0;0;0;0;0;0;0;0;1,8;7;18;-1
0;0;0;0;0;0;0;0;0;0;0;1,01;0;0;0;0;0;0;0;0;1,01;0;0;0;1,01;0;0;0;0;0;0;0;0;0;2,02;1,01;0;0;1,01;0;0;0;0;0;0;0;0;0;0;0;0;0;0;0;3,108;25;115;-1
0;0;0;0;0;0;0;0;0;2,17;0;0;0;0;0;0;0;0;0;0;0;0;0;0;13,04;0;0;0;0;4,34;0;0;0;0;0;0;0;0;0;0;0;0;0;0;0;0;0;0;0;0;0;0;0;7,407;3,555;19;96;-1
0,3;0;0,15;0;0;0,15;0,3;0;0;0;0;0,3;0;0;0;0;0;0;0,75;0;0,3;0;0;0;0,75;0,3;0,3;0,15;0,15;0,15;0,15;0,15;0,45;0,15;0,15;0,15;0,15;0;0,15;0,15;0;0;0,15;0,75;0,15;0;0;0;0;0,328;0,046;0;0;0;1,703;12;155;-1
0;0;0;0;0;0;0;0;0;0;0;0;0;0;0;0;0;0;4;0;0;0;0;0;0;0;0;0;0;0;0;0;0;0;0;0;0;0;4;0;0;0;0;0;0;0;0;0;0;0;0;0,724;0;0;2,285;8;16;-1
0;0;1,58;0;0;0;0;0;0;0;0;0;0;0;0;0;0;0;0;0;0;0;0;0;4,76;1,58;1,58;3,17;0;1,58;0;0;0;0;1,58;0;0;0;0;0;0;0;0;0;0;0;0;0;0;0,4;0;0;0,601;0;3,36;13;84;-1
0,44;0;0,88;0;0,44;1,32;0;0;0;0;0;0;0;0;0;0;0;0,44;1,76;0;2,2;0;2,2;0;0;0;0;0;0;0;0;0;0;0;0;0;0;0;0;0;0;0;0;0;0;0;0;0;0,222;0;0;0,444;0,37;0;2,413;16;140;1
0,06;0;0;0;0;0,12;0;0;0;0,12;0;0,19;0;0;0,06;0,19;0,12;0;1,74;0,06;1,23;0;0,25;0,06;2,26;0,38;0,06;0,19;0;0,19;0,32;0;0;0;0,25;0;0,32;0;0,19;0;0;0;0;0;0,06;0;0;0,12;0;0,33;0,018;0,064;0,055;0;2,024;25;897;-1
0;0,46;0,46;0;2,8;0;0;0;0;0;0;1,4;0;0;0;1,4;0;1,4;1,86;0;0,46;0;0;0;0;0;0;0;0;0;0;0;0;0;0;0;0,93;0;0;0;0;0;0;0;0;0;0;0;0;0,148;0;0,74;0;0;2,673;21;139;1
0;0;0;0;1,26;0;2,53;1,26;1,26;1,26;1,26;1,26;0;0;0;0;5,06;0;2,53;1,26;3,79;0;0;0;0;0;0;0;0;0;0;0;0;0;0;0;0;0;0;0;0;0;0;0;0;0;0;0;0;0;0;0,537;0;0;72,5;287;290;1
0;2,4;0;0;0,8;0;0;0;0;0;0;0;0;0;0;0;0;0;2,4;0;0;0;0;0;1,6;0;0;0;0;0;0;0;0;0;0;0;0,8;0;0;0;0;1,6;0;0;0;0,8;0;0;0,12;0;0;0;0;0;1,696;15;56;-1
0;0;0,74;0;0;0;0;0;0;0,74;0;0;0,37;0,74;0;0;0,37;0;0,37;0;0,37;0;0;0;0;0;0;0;0;0;0;0;0;0;0;0;1,11;0;0;0;0;0;0;0,37;0;0;0;0;0;0,245;0;0;0;0;4,666;64;196;-1
0;0,32;0;0;0;0;0;0;0,32;0;0;1,29;0;0;0;0;0;0;0;0;0;0;0;0;0;0;0;0;0;0;0;0;0;0;0;0;0;0;0;0;0;0;0;0;0;0;0;0;0;0,037;0;0;0;0;2,391;36;110;1
0;0;0;0;0;0;0;0;0;0;0;1,81;0;0;0;0;0;0;0;0;1,81;0;0;0;0;0;0;0;0;0;0;0;0;0;0;0;0;0;0;0;0;0;0;0;0;0;0;0;0;0;0;0,309;0;0;1,333;11;56;1
0;0;0;0;0;0;0;0;0;0,64;0;0;0;0;0;0;0;0;0;0;0;0;0;0;0;0;0,64;0;0,64;0;0;0;0,64;0;0;0;0;0;0;0;0;0;0;0;0;0;0;0;0;0,314;0,209;0;0;0,104;4,062;28;195;-1
0;0,37;0;0;0;0,74;1,12;0;0;0;0,74;1,49;0,74;0;0;0,37;0;1,49;4,49;0;1,87;0;0;0,74;0;0;0;0;0;0;0;0;0;0;0;0;0;0;0;0;0;0;0;0;0;0;0;0;0;0;0;0,223;0,223;0;2,021;10;93;1
0;0;0;0;0;0;0;0;0;0;0;0;0;0;0;0;0;0;0;0;0;0;0;0;0;0;0,47;0;0,47;0;0;0;0,47;0;0;0;0;0;0;0;0;0;0;0;0;0;0;0;0;0,074;0,298;0;0;0,074;4,268;28;286;-1
0;0;0;0;0;0;0;0;0;0;0;0;0;0;0;0;0;0;0;0;0;0;0;0;0;0;0;0;0;0;0;0;0;0;0;0;0;0;0;0;0;0;0;0;1,17;0;0;0;0;0,421;0;0,21;0,632;0;3,75;15;60;1
0;0;0;0;0;0;0;0;0;0;0;0,89;0;0;0;0;0;0;0,89;0;0;0;0;0;1,78;1,78;0;0,89;0;0;0;0;0;0;0,89;0,89;0;0;0;0;0;0;0;0;0;0;0;0,89;0;0,537;0;0;0;0,268;2,292;12;94;-1
0,1;0;0,1;0;0,1;0,1;0;0,4;0;0;0,1;0,8;0;0;0;0;0;0,1;0,1;0;0;0;0;0;0,1;0;0;0,1;0;0;0;0;0,1;0;0;0;0,3;0;0,1;0;0;0,4;0,2;0,2;0;0,8;0;0;0,015;0,136;0,015;0;0,015;0;1,636;18;527;-1
0;0;0;0;0;0;0;0;0;0;0;4,58;0;0;0;0;0,91;0;0;0;0,91;0;0;0;1,83;0;0;0;0;0,91;0;0;0;0;0;0,91;0;0;0,91;0;0;0;0;0;0;0;0;0;0;0,124;0;0,249;0;0;2,576;14;67;-1
0,32;0;1,64;0;0,98;0;0,32;0;0,65;1,31;0;0;0;0;0;0;0;0;0,32;0,98;0,65;0;0;0;0,32;0;0;0;0;0;0;0;0;0;0;0;0;0;0;0;0;0;0;0;0;0;0;0;0;0;0;0,858;0,101;0;337,25;1146;1349;1
0,07;0;0,14;0;0,07;0;0;0;0,74;0;0;0,22;0;0,07;0;0;0;0,07;0,29;0;0,22;0;0;0;0,74;0,81;0,07;0;0;0;0;0;0,22;0;0;0;0,44;0;0;0;0;0;0;0;0;0;0;0;0,116;0,2;0,042;0;0,021;0;2,79;36;681;-1
0;0;0;0;0;0;0;0;0;0;0;0;0;0;0;0;0;0;3,03;0;0;0;0;0;0;0;3,03;0;0;0;0;0;0;0;0;0;0;0;0;0;0;0;0;0;3,03;0;0;0;0;0;0;0;0;0;1,272;4;14;-1
0,52;0,42;0,35;0;0,14;0,03;0,03;0,1;0,56;0,8;0,28;0,7;0,56;1,19;0,03;0,24;0,45;0;3,19;0;1,43;0;0,38;0,63;0;0;0;0;0;0;0;0;0;0;0;0;0;0;0;0;0;0;0;0;0,07;0;0;0;0;0,077;0;0,453;0,543;0,119;6,305;286;2207;1
0;0,06;0,2;0;0,61;0,13;0;0;0,75;0;0,27;0,75;0,27;0;0;0;0,2;0,13;1,16;0;1,23;0;0,06;0;0;0;0;0;0;0;0;0;0;0;0;0;0;0;0;0;0;0;0,06;0;0,06;0;0;0;0,034;0,057;0;0,472;0,092;0,023;2,086;104;703;1
0,26;0,46;0,99;0;0,53;0;0;0,53;0,19;1,12;0,26;0,73;0,66;0;0,06;0,26;0,13;0,26;3,78;0;3,32;0;0,39;0,26;0;0;0;0;0;0;0;0;0;0;0;0;0;0;0;0;0;0;0;0;0;0;0;0;0,011;0,023;0;0,449;0,265;0,034;13,235;272;1575;1
0;0;0;0;0,9;0;0;0;0;0;0;1,8;0;0;0;0;0;0;1,8;0;0,9;0;0;0;0;0;0;0;2,7;0;0;0;0;0;0;0;0;0;0;0;0;2,7;0;0;0;0;0;0;0;0;0;0;0;0;1,631;8;31;-1
0,98;0,16;0,41;0;0,16;0,24;0;0,16;0;0,49;0,08;0,57;0,9;0;0,16;0;0;0,32;2,37;0;1,23;0;0,49;1,14;0;0;0;0;0;0;0;0;0;0;0;0;0;0;0;0;0;0;0;0;0;0;0;0;0;0,096;0;0,736;0,256;0,096;4,123;84;701;1
0,19;0;0,59;0;0;0;0;0;0;0,39;0;0;0;0;0;0;0;0;2,59;0;0,39;0;0;0;0,79;0,39;0,59;0,39;0,39;0,39;0,39;0,39;0;0,39;0,39;0,39;0,19;0;0;0,39;0;0;0,19;0;1,19;0;0;0;0,093;0,657;0,062;0;0;0,062;2,156;13;207;-1
0;0;0,42;0;0;0;0,21;0;0;0,21;0;0,42;0;0;0;0;0;0,21;1,49;0;0,42;0;0;0;0,21;0,21;0;0;0;0;0;0;0,21;0;0;0;0;0;0;0;0;0;0;0;0;0;0;0;0,034;0,139;0,034;0;0,069;0;3,151;37;312;-1
0,63;0;0,63;0;1,27;0;0,63;0;0;0;0;0,63;0;0;0;0,63;0,63;0;1,27;0;2,54;0;0,63;0;0;0;0;0;0;0;0;0;0;0;0;0;0;0;0;0;0;0;0;0;0;0;0;0;0,1;0;0;0,501;0,3;0;2,458;22;118;1
0;0;0,81;0;0,81;0;0;0;0;0;0;0;0;0;0;0;0,81;0;3,27;0;0,81;1,63;0;0;0;0;0;0;0;0;0;0;0;0;0;0;0;0;0;0;0;0;0;0;0;0;0;0;0;0;0;0,26;0;0,651;13,5;86;189;1
0;0;2;0;0;0;0;0;0;0;0;0;0;0;0;0;0;2;0;0;0;0;0;0;4;2;0;2;0;2;2;0;0;0;2;2;0;0;0;0;0;0;0;0;0;0;0;0;0;0,18;0;0;0;0;1,611;10;29;-1
0,62;0;0;0;0;0;0;0;0;0;0;0;0;0;0;0;0;0;0;0;0;0;0;0;0;0;0;0;0;0;0;0;0;0;0;0,62;0;0;0;0;0;0;0;0;0;0;0;0;0;0,286;0;0;0;0;1,461;4;38;-1
0,09;0;0,27;0;0,36;0,09;0;0,18;0,09;0;0;0,81;0;0,36;0;0;0;0;1,99;0;3,35;0;0,36;0,09;0;0;0;0;0;0;0;0;0;0;0;0;0;0;0;0;0;0;0;0;0,27;0;0;0;0,015;0,047;0,031;0,253;0,031;0,031;3,771;69;528;1
0;0;0;0;0;0;0;0;0;0;0;0;0;0;0;0;0;0;0;0;0;0;0;0;0;0;0;0;0;0;0;0;0;0;0;0;1,66;0;0;0;0;0;0;1,66;0;5;0;0;0;0;0;0;0;0;3,125;15;50;-1
0;0;0;0;0;0;0;0;0;0;0;0;0;0;0;0;0;0;7,69;0;0;0;0;0;0;0;7,69;0;0;0;0;0;0;0;0;0;0;0;0;0;0;0;0;0;0;0;0;0;0;0;0;0;0;0;1,285;2;9;-1
0;0;1,66;0;0;0;0;0;0;0;0;1,66;0;0;0;0;0;0,83;2,5;0;0;0;0;0;0;0;0;0;0;0;0;0;0;0;0;0;0;0;0;0;0;0;0;0;0;0;0;0;0;0;0;0,151;0;0;1,518;8;41;-1
0,4;0,18;0,32;0;0,25;0,18;0,03;1,01;0,4;0,4;0,1;0,72;0,65;0,36;0,25;0,54;0,36;0,36;3,05;0,14;1,41;0;0,29;0,76;0;0;0;0;0;0;0;0;0;0;0;0;0;0;0;0,03;0;0;0;0;0,07;0;0;0;0,012;0,042;0,073;0,337;0,141;0;3,305;181;1613;1
0;0;0,36;0;0;0;0;0;0,36;0;0;0;0;0;0;0;0;0,36;1,84;0;0;0;0;0;0;0;0;0;0;0;0;0;0;0;0;0;0;0;0;0;0;0;0;0;0;0;0;0;0;0,236;0;0;0;0;1,277;3;69;-1
0;0;0;0;0;0,33;0;0;0;0;0;0;0,82;0,16;0;0;0;0;0,33;0;0;0;0;0;0;0;0;0;0;0;0;0;0;0;0;0;0;0;0;0;0;0;0;0;0,49;0,16;0;0;0,019;0,039;0;0,059;0;0;1,632;47;191;-1
0;0;0;0;0;0;0;0;0;0;0;0;0;0;0;0;0;0;1,88;0;0;0;0;0;0;0;0;0;0;0;0;0;0;0;1,88;0;0;0;0;0;0;1,88;0;0;0;0;0;0;0;0;0;0,277;0;0;3;17;51;-1
0;0,29;0,29;0;0,29;0;0;0,29;0;0;0,29;1,45;0;0;0;0;0,58;0;1,16;0;1,45;0;0;0;0,87;0;0;0;0;0;0;0;0;0;0;0;0;0;0;0;0;0;0;0;0;0;0;0;0,037;0,113;0;0;0,037;0;1,531;7;147;-1
0;0;0;0;0;0;0;0;0;0;0;0;0;0;0;0;0;0;0,66;0;0,33;0;0;0;5,66;2,66;2;0,66;0,66;0,66;0,66;0,66;0;0,66;0,66;0,66;0,66;0;0,33;0,66;0;0;0,66;0;0,66;0;0;0;0,101;0,254;0,101;0,05;0,05;0;2,725;15;248;-1
0;0,19;1,08;0;0,79;0,79;0,49;0;0,89;0,29;0,29;0,69;0,29;0;1,58;0,09;0;1,08;1,38;0,19;0,69;0;0,59;0,19;0;0;0;0;0;0;0;0;0;0;0;0;0;0;0;0;0;0;0,19;0;0,09;0,09;0;0;0;0,092;0;0,417;0,154;0,015;8,323;669;1365;1
0;0;0;0;0;0,51;0;0;0;0;0;0;0;0;0;0;0;0,51;3,06;0;1,02;0;0;0;0;0;0;0;0;0;0;0;0;0;0;0;0;0;0;0;0;0;0;0;0;0,51;0;0;0;0,091;0;0,091;0;0;1,586;4;46;-1
0;0,1;0;0;0;0;0;0,2;0;0;0;0,3;0;0;0;0;0,05;0,05;0,05;0;0;0;0;0;0,3;0,2;0;0,05;0;0,05;0;0;0,05;0;0;0,2;0,41;0;0;0;0;0;0;0,1;0,05;0,2;0;0,35;0;0,141;0;0;0;0;1,997;87;1620;-1
0;0,28;0,28;0;0,86;0;0;0;0;0,28;0,28;0;0;0;0;0;0;0;2,87;0;1,72;0;0;0;0,28;0,28;0;0;0;0;0;0;0;0;0;0;0;0;0;0;0;0;0;0;0,57;0;0;0;0;0,137;0;0;0;0;1,95;15;156;-1
0,1;0,5;0,6;0;0,3;0,2;0;0;0,1;0,4;0;1,6;0,2;0;0;0;0,1;0;3,81;0;1,1;0;0;0,1;0;0;0;0;0;0;0;0;0;0;0;0;0;0;0;0;0;0;0;0;0;0;0;0;0,78;0,037;0;5,942;1,334;0;5,838;54;724;1
0;0;0;0;0;0;0;0;0;0;0;0;0;0;0;0;0;0;0;0;0;0;0;0;0;0;0,16;0;0;0;0;0;0;0;0;0;0;0;0;0,16;0,16;0;0;0;0;0;0;0;0;0,76;0,028;0;0;0;3,989;33;738;-1
0;0;0;0;0;0,76;0;0;0;0;0;0,76;0;0,76;0;0;0;0;1,53;0;0,76;0;0;0;0;0;0,76;0;0;0;0;0;0,76;0;0;0;0;0;0;0;0;0,76;0;0;0;0;0;0;0,133;0,133;0;0;0;0;1,269;4;33;-1
0;0;0;0;0;0;0;0;0;0;0;0;0;0;0;0;0;0;0;0;0;0;0;0;0;0;0;0;0;0;0;0;0;0;0;0;0;0;0;0;0;0;0;0;0,68;0;0;0;0;0,112;0;0;0,903;0;2,285;14;80;-1
0;0;0;0;0;0;0;0;0;0;0;0;0;0;0;0;0;0;3,33;0;0;0;0;0;0;0;0;0;0;0;0;0;0;0;0;0;0;0;0;0;0;0;0;0;0;0;0;0;0;0;0;0;0;0;1,375;4;11;-1
0;0;0;0;0;0;0;0;0;0;0;0;0;0;0;1,05;0;0;0;0;2,1;0;0;0;0;0;0;0;0;0;0;0;0;0;0;0;0;0;0;0;0;0;0;1,05;0;0;0;0;0;0;0;1,806;0;0;1,293;5;75;1
0;2,59;1,29;0;1,29;0;0;0;0;0;0;1,29;0;0;0;0;0;0;2,59;0;0;0;0;0;0;0;1,29;0;0;0;0;0;0;0;0;0;0;0;0;0;0;0;0;0;1,29;0;0;0;0;0;0;0;0;0;1;1;13;-1
0;0;0;0;0;0;0;0;0;0;0;0;0;0;0;0;0;0;3,57;0;0;0;0;0;0;0;0;0;0;0;0;0;0;0;3,57;0;0;0;0;0;0;0;0;0;0;0;0;0;0;0;0;0,523;0;0;2,272;9;25;-1
0,45;0,68;0,68;0;1,92;0;0,56;0,45;0;0,45;0,22;1,81;0;0;0,79;0,22;0,11;1,81;2,38;0;1,36;0;0,11;0,22;0;0;0;0;0;0;0;0;0;0;0;0;0;0;0;0,11;0;0;0;0;0;0,11;0;0;0,019;0,057;0;0,574;0,134;0,019;3,155;94;385;1
0,07;0,22;0,82;0;0,52;0;0,07;0;0,67;0,59;0,22;0,82;0,07;0;0,14;0;0,07;0;3,29;0,22;1,87;0;0;0,22;0;0;0;0;0;0;0;0;0;0;0,07;0;0;0;0;0;0;0;0;0;0;0;0;0;0;0,095;0;0,119;0,071;0,167;3,429;74;974;1
0,84;0,84;0;0;0;0;1,69;0;0,84;0,84;0;0,84;0;0;0;10,16;0,84;0;0,84;0;2,54;0;0;0,84;0;0;0;0;0;0;0;0;0;0;0;0;0;0;0;0;0;0;0;0;0;0;0;0;0;0;0;1,113;0,278;0,092;173;418;519;1
0,49;0;0,99;0;0;0,99;0;0;0;0,99;0,99;2,48;0,49;0;0;4,97;0,99;0;3,48;0;1,99;0;0,49;0;0;0;0;0;0;0;0;0;0;0;0;0;0;0;0;0;0;0;0;0;0;0;0;0;0;0,34;0;0,17;0;0;1,468;8;94;1
0,09;0,38;0,57;0;0,48;0,38;0;0;0;0,38;0;1,53;0,19;0;0,09;0;0,09;0;3,55;0;1,24;0;0;0;0;0;0;0;0;0;0;0;0;0;0;0;0;0;0;0;0;0;0;0;0;0;0;0;0,038;0,038;0;0,246;0,894;0,012;4;70;640;1
0,19;0,76;0,19;0;0,19;0,19;0,19;0;0,95;0,38;0,19;0,57;0;0;2,86;0,19;0;3,43;1,71;0;2,09;0;3,62;0;0;0;0;0;0;0;0;0;0;0;0;0;0;0;0;0,38;0;0;0;0;0;0;0;0;0;0,151;0,303;0,212;0,303;0;11,242;132;742;1
0;0,33;0;0;0,33;0;0;0;0;0;0;0,33;0;0;0;0;0;0,33;0;0;0;0;0;0;0,33;0,33;0;0,67;0;0;0;0;0;0;0,33;0;0;0;0;0;0;0;0;0,33;0;0;0;0,33;0;0,088;0;0;0;0;1,87;15;116;-1
0;0;0;0;0;0;0;0;0;3,77;0;0;0;0;0;0;0;0;1,88;0;0;0;0;1,88;0;0;0;0;0;0;0;0;0;0;0;0;0;0;0;0;0;0;0;0;0;0;0;0;0,264;0;0;0;0;0;4,333;13;78;1
0;0;0,29;0;0,29;0;0;0;0;0;0;2,05;0;0;0;0;0;0;0;0;0;0;0;0;0;0;0;0;0;0;0;0;0;0;0;0;0,58;0;0;0;0;0;0;0;0;0;0;0;0;0,187;0;0;0;0;1,484;11;147;-1
0;0;0;0;0;0;0;0;0;1,05;0;0;0;0;0;0;0;0;0;0;0;0;0;0;1,05;1,05;0;2,1;0;0;0;0;0;0;0;0;0;0;0;0;0;0;0;0;0;0;0;0;0;0,563;0;0;0;0;3,571;11;75;-1
0;0,96;0,96;0;1,44;0;0,48;0;0,48;1,92;0,48;0,96;0,48;0;1,92;0;0;0;0,96;0;0,96;0;4,32;0,48;0;0;0;0;0;0;0;0;0;0;0,48;0;0;0;0;0;0;0;0;0;0;0,48;0;0;0;0,061;0;0,43;0,43;0;25,964;305;727;1
1,03;0;0,68;0;1,03;0;0,68;0;0;0,68;0;0,68;0;0;0,34;0,68;0;0;5,86;0;1,37;0;0,34;0,34;0;0;0;0;0;0;0;0;0;0;0;0;0;0;0;0;0;0;0;0;0,34;0;0;0;0;0;0;0,366;0,061;0;1,895;12;91;1
0;1,63;0;0;0;0;3,27;0;0;0;0;0;0;0;0;1,63;1,63;0;0;0;1,63;0;0;0;0;0;0;0;0;0;0;0;0;0;0;0;1,63;0;0;0;0;0;0;0;0;0;0;0;0;0,36;0;0,54;0,18;0,18;14,818;140;163;1
0;0;0;0;0;0;0;0;0;0,84;0;0,84;0;0;0;0;0;0;2,54;0;1,69;0;0;0;0;0;0;0;0;0;0;0;0;0;0;0;0;0;0;0;0;0;0;0;0;1,69;0;0;0;0,134;0;0;0;0;1,285;5;27;-1
0;0;0;0;0;0;0;1,36;0;0;0;0;0;0;0;0;0;0;0;0;0;0;0;0;2,73;2,73;1,36;0;0;0;0;0;0;0;1,36;0;0;0;0;0;0;0;0;0;0;0;0;0;0;0;0;0;0;0;1,541;7;37;-1
0,43;0;0,43;0;0,43;0,43;0;0;0;0,87;0;0,43;0;0;0;0;3,49;0;1,31;0;1,74;0;1,31;0;0;0;0,43;0;0;0;0;0;0;0;0;0;0;0;0;0;0;0;0;0;0;0;0;0;0;0;0;0,298;0,149;0,074;2,955;47;133;1
0;0;0;0;0;0;0;0;0;0;0;0;0;0;0;0;0;0;0;0;0;0;0;0;0;0;20;0;0;0;0;0;0;0;0;0;0;0;0;0;0;0;0;0;0;0;0;0;0;0;0;0;0;0;1;1;5;-1
0;0;0,23;0;0,46;0;0;0;0,23;0;0;0;0;1,39;0;0;0,23;0;0;0;0,69;0;0;0;0,46;0;0;0;0;0;0;0;0;0;0;0;0,23;0;0;0;0;1,86;0;0;0;0;0;0;0;0,113;0;0,09;0;0,203;2,43;121;666;-1
0;0;0;0;0;0;0;0;0;0;0;0;0;0;0;0;0;0;0;0;0;0;0;0;0;0;0;0;0;0;0;0;0;0;0;0;0;0;0;0;0;0;0;0;4,76;0;0;0;0;0;0;0;0;0;1,5;3;6;-1
0;0;0,29;0;0,88;0,14;0;0;0,88;0;0;0,73;0,14;0;0;0;0,29;0;2,2;0;0,88;0;0,14;0,29;0;0;0;0;0;0;0;0;0;0;0,58;0;0;0;0;0;0;0;0;0;0;0;0;0;0;0,097;0;0,388;0,048;0,024;2,264;49;428;1
0;0;0;0;0,76;0,25;0;1,27;0;0;0;0,76;0;0;0;0;0;0;0;0;0;0;0;0;0;0;0;0;0;0;0;0;0;0;0;0;0;0;0;0;0;0;0;0;0;0;0;0;0;0;0;0;0;0;1,14;5;65;-1
0;0;0;0;0;0;0;0;0;0;0;0;0;0;0;0;0;0;0;0;0;0;0;0;0;0;0;0;0;0;0;0;0;0;0;0;3,57;0;0;0;0;0;0;0;3,57;3,57;0;0;0;0,564;0;0;0;0;1,454;5;16;-1
0;0;0;0;0;0;0;0;0;0;0;0;0;0;0;0;0;0;0;0;0;0;0;0;0;0;0;0;0;0;0;0;0;0;0;0;0;0;0;0;0;0;0;0;0;0;0;0;0;0;0;0;0;0;1,333;3;8;-1
0;0;0;0;0;0;0;0;0;0;0;0;0;0;0;0;0;0;4;0;0;0;0;0;0;0;0;0;0;0;0;0;0;0;0;0;0;0;0;0;0;0;0;0;0;0;0;0;0;0;0;0,729;0;0;2,285;7;16;-1
0;0;0;0;0;0;0;0;0;0;0;0;0;0;0;0;0;0;3,7;0;0;0;0;0;0;0;0;0;0;0;0;0;0;0;0;0;0;0;0;0;0;0;0;0;0;0;0;0;0;0;0;3,448;0;0;2,666;11;24;1
0;0;0;0;0;0;0;0;0;0;0;0;0;0;0;0;0;0;0;0;0;0;0;0;0;0;0;0;0;0;0;0;0;0;0;0;0;0;0;0;0;0;0;0;0;0;0;0;0;0;0;0;0;0;2,666;6;8;-1
0;0;0,9;0;0;0;0;0;0;0;0;0;1,36;0;0;0;0;0;3,63;0;0,9;0;0;0,45;0;0;0;0;0;0;0;0;0;0;0;0;0;0;0;0;0;0;0;0;0,45;0,45;0;0;0;0,155;0;0,077;0;0;1,545;15;68;-1
0;0,17;0;0;0;0;0,17;0,52;0;0,17;0,35;0,52;0;0;0;0;0,17;0,7;0,87;0;0,7;1,92;0,35;0;0;0;0;0;0;0;0;0;0;0;0;0;0;0;0;0;0;0;0;0;0;0;0;0;0,029;0,147;0,029;0,117;0,058;0,235;3,521;39;419;1
0;0;0;0;0;0;0;0;0;0;0;0;0;0;0;0;0;0;7,31;0;0;0;0;0;0;0;0;0;0;0;0;0;0;0;0;0;0;0;0;0;0;0;0;0;0;0;0;0;0;0;0;0;0;0;1,714;4;12;-1
0;0;0;0;0;0;1;0;0;1;0;1;0;0;0;0;0;0;3,01;0;0;1,5;0;0;0;0;0;0;0;0;0;0;0;0;0;0;0;0;0;0;0;0;0;0;0;0;0;0;0;0;0;0,176;0;0;4,476;20;94;1
0;0;0;0;0;0;0;0;0;0;0;1,56;0;0;0;0;0;0;0;0;0;0;0;0;0;0;0;0;0;0;0;0;0;0;0;0;1,56;0;1,56;0;3,12;0;1,56;0;1,56;1,56;0;0;0;0,215;0,215;0;0;0;1,666;12;30;-1
0;0;0;0;0;0;0;0;0;0;0;0;0;0;0;0;0;0;0,93;0;0,46;0;0;0;4,2;2,8;1,4;0,46;0,46;0,46;0,46;0,46;0;0,46;0,46;0,46;0,46;0;0;0,46;0;0;0,46;0;0,46;0;0;0;0,151;0,227;0,075;0,075;0,075;0;2,482;12;139;-1
0;0;0;0;0,59;0;0;0;0;1,18;0;0,59;0;0;0;0;0;0;1,77;0;0;0;0;0;0,59;0,59;0;1,18;0;0;0;0;0,59;0;0;0;0;0;0;0;0;0;0;0;0;0;0;0;0;0,215;0;0,107;0;0;2,741;11;85;-1
0,06;0;0,36;0;0,12;0;0;0,06;0,06;0;0,12;0,66;0;0;0;0,06;0,18;0,06;0,6;0;0,78;0;0;0;1,99;0,42;0;0;0;0,18;0,18;0;0;0;0,06;0;0,18;0;0;0;0;0,06;0;0;0;0;0;0,24;0,008;0,099;0;0;0,008;0,016;1,972;27;941;-1
0;0;0;0;0;0,65;0;0,65;0;0,65;0;1,97;0;0;0;0;0;0;0;0;0;0;0;0;0;0;0,65;0;0;0;0;0;0;0;0;0;0;0;0;0;0;0;0;0;0,65;0;0;0;0,108;0,108;0;0;0,108;0;1,924;9;102;-1
0,58;0;0;0;0,58;0;0;0;0;0;0;0;0;0;0;0;0;0;2,9;0;0;0;0;0;0;0;0;0;0;0;0;0;0;0;0;0;0;0;0,58;0;0;0,58;0;0;0,58;1,16;0;0;0;0,165;0;0,082;0;1,403;2,674;17;115;-1
0;0;0;0;0;0;0;0;0;0;0;4,25;0;0;0;0;0;0;6,38;0;0;0;0;0;0;0;2,12;0;0;0;0;0;0;0;0;0;0;0;0;0;0;0;0;0;0;0;0;0;0;0;0;0;0;0;1,133;3;17;-1
0;0;0;0;0;0;0;0;0;0;0;0;0;0;0;0;0;0;0;0;0;0;0;0;0;0;20;0;0;0;0;0;0;0;0;0;0;0;0;0;0;0;0;0;0;0;0;0;0;0;0;0;0;0;1;1;5;-1
0;0;0;0;0;0;1,66;0;0;0;0;0;0;0;0;0;0;0;3,33;0;0;0;0;3,33;0;0;0;0;0;0;0;0;0;0;0;0;0;0;0;0;0;0;0;0;0;0;0;0;0;0;0;0,368;0;0;2,611;12;47;1
0;0;0;0;0,68;0;2,04;0;0;0;0;0;0;0;0;0;0;2,04;1,36;0,68;2,04;0;0;0;0;0;0;0;0;0;0;0;0;0;0;0;0;0;0;0;0;0;0;0;0;0;0;0;0;0;0;0,309;0;0;2,111;14;95;1
0;0;0;0;3,92;0;0;0;0;0;0;0;0;0;0;0;0;0;0;0;0;0;0;0;0;0;0;0;0;0;0;0;0;0;0;0;0;0;0;0;0;1,96;0;1,96;1,96;0;0;0;0;0;0;0,348;0;0;1,312;4;21;-1
0;0;0;0;1,9;0;0,95;0;0;0,95;0;0,95;0;0;0;0;0;0;5,71;3,8;2,85;0;0;0;0;0;0;0;0;0;0;0;0;0;0;0;0;0;0;0;0;0;0;0;0;0;0;0;0;0;0;0,147;0;0;1,4;6;21;1
0,17;0;0,51;0;0,17;0;0;0;0;1,36;0;0,17;0;0;0;0,17;0,34;0;1,19;0;0,85;0;0;0;1,53;0,68;0;0;0;0;0;0;0;0;0;0;0;0;0;0;0;0;0;0;0;0;0;0;0,027;0,111;0;0,167;0;0;1,894;22;216;-1
0,04;0,14;0,29;0;0,04;0,04;0;0,09;0;0,19;0,09;1,04;0;0;0;0;0;0,24;0,09;0;0,04;0;0;0;0,04;0;0;0;0;0,09;0;0;0;0;0;0,09;0,24;0;0;0;0;0;0,04;0;0;0;0;0;0,02;0,16;0,006;0;0;0;2,667;185;1763;-1
0;0;3,57;0;0;0;0;0;0;0;0;0;0;0;0;0;0;0;0;0;0;0;0;0;0;0;0;0;0;0;0;0;0;0;0;0;0;0;0;0;0;0;0;0;0;0;0;0;0;0,74;0;0,74;0;0;2,166;7;26;-1
0;0;0,68;0;0;0;0;1,36;0;0;0,68;0,68;0;0;0;0;0;0;3,4;0;1,36;0;0,68;0,68;0;0;0;0;0;0;0;0;0;0;0;0;0;0;0;0;0;0;0;0;0;0;0;0;0;0;0;0,238;0,238;0;2,232;19;96;1
0,05;0,3;0,4;0;0,1;0,05;0;0,05;0,1;0;0;0,3;0,2;0;0,05;0;0;0,5;1,55;0,3;0,75;0;0,15;0,2;0,05;0,05;0;0;0;0;0;0;0;0;0;0;0;0;0;0;0;0;0;0,05;0,05;0;0;0;0;0,045;0;0,054;0,118;0;2,37;96;588;1
0;0,74;1,85;0;0;0,37;0;0,37;0,74;1,11;0,37;0,74;0;0,37;0;0,37;0,37;0,37;1,48;0;2,6;0;0;0;0;0;0;0;0;0;0;0;0;0;0;0;1,11;0;0;0;0;0;0;0;0,37;0;0;0;0;0,336;0;1,211;0,471;0,067;18,4;393;736;1
0,14;0,14;0,29;0;0,29;0,29;0;0,29;0;0;0,29;0;0,14;0;0;0,87;0,29;0,43;3,66;0;1,31;0;0;0;0;0;0;0;0;0;0;0;0;0;0;0;0,29;0;0;0;0;0;0;0;0,58;0;0;0;0;0,024;0;0,265;0;0;3,121;38;437;1
0;2,12;0;0;0;0;0;0;0;0;0;0;0;0;0;0;0;0;2,12;0;2,12;0;0;0;0;0;0;0;0;0;0;0;0;0;0;0;0;0;0;0;0;0;0;0;0;2,12;0;0;0;0;0;0;0;0;4,117;47;70;-1
0;0;0;0;0;0;0;0;0;0;0;0;0;0;0;0;0;0;0,99;0;0,99;0;0;0;0;0;1,98;0;0;0;0;0;0;0;0;0;0,99;0;0;0;0;0;0;0,99;0,99;0;0;0;0;0;0;0;0;0;1,478;5;34;-1
0;0;0;0;0;0;0;0;0;0;0;0;0;0;0;0;0;0;4,44;0;0;0;0;0;0;0;0;0;0;0;0;0;0;0;0;0;0;0;0;0;0;0;0;0;0;0;0;0;0;0;0;0,833;0;0;1,375;3;11;1
0;0;0;0;0;0;0;0;0;0;0;0;0;0;0;0;0;0;0;0;0;0;0;0;0;0;0;0;0;0;0;0;0;0;0;0;0;0;0;0;0;0;0;0;0;0;0;0;0;0,331;0;0,331;0;0;1,714;4;24;-1
0;0;0,32;0;0,65;0,65;0,32;0,32;0;0;0;0,32;0,32;0;0;0,32;0,32;0;2,28;0;3,25;0;0;0,32;0;0;0;0;0;0;0;0;0;0;0;0;0;0;0;0;0;0;0;0;0,32;0;0;0;0;0,104;0;0;0,157;0,052;1,537;10;143;1
0,9;0;0;0;0;0;0;0;0;0;0;2,7;0;0;0;0;0;0;3,6;0;0;0;0;0;0;0,9;0;0;0;0;0;0;0;0;0;0;0;0;0;0;0;0;0;0,9;0;0;0;0,9;0;0,479;0;0;0;0;2,166;8;52;-1
0,22;0;0;0;0;0,22;0,22;0;0;0,22;0;0,22;0;0;0;0,22;0;0;2,03;0;0,22;0;0;0;0;0;0;0;0;0;0;0;0;0;0;0;0;0;0;0;0;0;0;0;0;0;0;0;0;4,271;0;0,647;0;0;1,869;21;215;1
0;0;0;0;0;0;0;0;0;0;0;1,22;0;0;0;0;0;0;1,84;0;0,61;0;0;0;0;0;0;0;0;0,61;0;0;0;0;0;0;0;0;0;0;0,61;0;0;0;0;0,61;0;0;0;0,109;0,109;0,327;0;0;1,068;2;47;-1
0;0;0;0;0;0;0;0;0;0;0;2,89;0;0;0;0,57;0;0;0;0;1,73;0;0;0;2,31;0;0;0;0;3,46;0;0;0;0;0;0;0,57;0;0;0;0;0;0;0;0;0;0;0;0;0,163;0;0;0;0;1,9;12;76;-1
0;0;0;0;0;0;2,94;1,47;1,47;1,47;1,47;0;0;0;0;0;1,47;0;0;1,47;4,41;0;0;0;0;0;0;0;0;0;0;0;0;0;0;0;1,47;0;0;0;0;0;0;0;0;0;0;0;0;0,142;0;0,427;0,142;0;92,333;274;277;1
0,07;0,37;0,81;0;0,51;0,29;0,07;0;0,07;0,37;0,07;1,48;0,14;0;0,07;0;0,14;0,44;3,55;0;1,85;0;0;0,07;0;0;0;0;0;0;0;0;0;0;0;0;0,14;0;0;0;0;0;0;0;0;0;0;0;0,052;0,073;0;0,167;0,167;0,01;3,412;44;795;1
0;0;0;0;1,26;0;0;0;0;0;0;1,26;0;0;0;1,26;0;0;2,53;0;0;0;0;0;0;0;1,26;0;1,26;0;0;0;0;0;0;0;0;0;0;0;0;1,26;0;0;1,26;0;0;0;0;0;0;0;0;0;1,285;5;18;-1
0;0;0;0;0;0;0;0;0;0;0;0;0;0;0;0;0;0;4;0;0;0;0;0;0;0;0;0;0;0;0;0;0;0;0;0;0;0;0;0;0;0;0;0;0;0;0;0;0;0;0;0;0;0;2,363;11;26;1
0;0;0;0;0;0;0;0;0;0;0;0;0;0;0;0;0;0;0;0;0;0;0;0;0;0;0;0;0;0;0;0;0;0;0;0;0;0;0;0;0;0;0;0;0;0;0;0;0;0;0;0;0;0;1;1;4;-1
0;0,19;0,39;0;0;0;0,19;0;0;0;0;0;0;0;0;0;0;0,19;2,36;0;1,18;0;0;0,19;0;0;0;0;0;0;0;0;0;0;0;0;0;0;0;0;0;0;0;0;0;0;0;0;0;0,03;0;0,152;0;0;1,357;19;148;1
0,86;0;0;0;0;0;0;0;0;0;0;2,6;0;0;0;0;0;0;2,6;0;0;0;0;1,73;0;0;0,86;0;0;0;0;0;0;0;0;0;0;0;0;0;0;0;0;0,86;0;0;0;0,86;0,561;0,14;0;0;0;0;1,352;6;23;-1
0;0;0;0;0;0;0;1,78;0;0;0;0;0;1,78;0;0;0;0;0;0;0;0;0;0;0;0;0;0;0;0;0;0;0;0;0;0;0;0;0;0;0;0;3,57;0;0;0;0;0;0;0;0;0;0;0;1,444;5;13;-1
0;0;0;0;0;0;0;0;0;0;0;0;0;0;0;0;0;0;0;0;0;0;0;0;0;0;16,66;0;0;0;0;0;0;0;0;0;0;0;0;0;0;0;0;0;0;0;0;0;0;0;0;0;0;0;1;1;6;-1
0;0;2,08;0;0;0;0;0;0;0;0;2,08;0;2,08;0;0;0;0;2,08;0;0;0;0;0;0;0;0;0;0;0;0;0;0;0;0;0;0;0;0;0;0;0;0;0;0;0;0;0;0;0;0;0;0;0;1;1;11;-1
0;0;0;0;0;0;0;0;0;0;0;0;0;0;0;0;0;1,26;5,06;0;0;0;0;0;0;0;0;0;0;0;0;0;0;0;0;0;0;0;0;0;0;0;0;1,26;2,53;0;0;0;0;0,263;0;0;0;0;2;5;32;-1
0;0,27;0,27;0;1,09;0;0;0;0,82;0,54;0;0,27;0,27;0;0;0,27;0,54;0;2,46;0;2,19;0;0;0,54;0;0;0;0;0;0;0;0;0;0;0;0;0;0;0;0;0;0;0;0;0;0;0;0;0;0;0;0,085;0,128;0;2,484;20;164;1
0;0;0;0;0;0;0;0;0;0;0;0;0;0;0;0;0;0;0;0;0;0;0;0;0;0;0;0;0;0;0;0;0;0;0;0;0;0;0;0;0;3,84;0;0;0;0;0;0;0;0;0;0;0,719;0;1,25;2;10;-1
0;0,55;0,55;0;1,11;0,55;2,23;0;0;0,55;0;0,55;0;0;0;0;0;0,55;3,35;0;1,11;0;0;0;0;0;0;0;0;0;0;0;0;0;0;0;0;0;0;0;0;0;0;0;0,55;0;0;0;0;0,159;0;0,479;0;0,079;16,739;147;385;1
0;0;0,23;0;0;0;0,23;0;0;0,95;0;0,47;0;0,23;0;0,23;0,95;0;2,38;0;1,9;0;0;0,47;0;0;0;0;0;0;0;0;0;0;0;0,23;0,23;0;0;0;0;0;0;0;0;0;0;0;0;0,123;0;0,197;0;0,024;5,038;280;519;1
0;0;0;0;0;0;0,96;0;0;1,92;0,96;0;0;0;0;0;0;0,96;3,84;0;0,96;0;0;0;0;0;0;0;0;0;0;0;0;0;0;0;0;0;0;0,96;0;0;0;0;0;0;0;0;0;0;0;0,462;0;0;1,312;6;21;1
0;0;0;0;0;0;0;0;0;0;0;0;0;0;0;0;0,86;0;0;0;0,86;0;0;0;0,86;0;0;0;0;0;0;0;0;0;0;0;0;0;0;0;0;0;0;0;0;0;0;0;0;0;0;0;0;0;1,944;8;35;-1
0;0;0;0;0;0,49;0;0;0;0;0;0;0;0;0;0;0;0;1,47;0;0;0;0;0;0;0;0;0;0;0;0;0;0;0;0;0;0;0;0,49;0;0;0;0,49;0;0,49;0;0;0;0;0,195;0;0,097;0;0;2,3;18;69;-1
0;0;0;0;0;0;0;0;0;0;0;0;0;0;0;0;0;0;1,43;0;0;0;0;0;0;0;0;0;0;0;0;0;0;0;0;0;0;0;0;0;0;0;0;0;0,47;0,47;0;0;0;0,252;0,168;0,168;0;0;1,228;5;43;-1
0;0;0;0;0;0;0;0;0;0;0;1,38;0;0;0;0;0;0;1,38;0;1,38;0;0;0;1,38;1,38;2,77;0;0;0;0;0;0;0;0;0;1,38;0;1,38;0;0;0;1,38;0;0;0;0;0;0;0;0,224;0,448;0;0;1,451;12;45;-1
0;0;0;0;0;0;0;0;0;0;0;0;0;0;0;0;0;0;1,32;0;0;0;0;0;1,98;3,97;0;0;0;0,66;0;0;0;0;0;0,66;0;0;0;0;0;0;0;0;0;0;0;0;0;0;0;0,102;0;0;2,531;30;81;-1
0;14,28;0;0;0;0;0;0;0;0;0;0;0;0;0;0;0;0;0;0;0;0;0;0;0;0;0;0;0;0;0;0;0;0;0;0;0;0;0;0;0;0;0;0;0;0;0;0;0;0;0;0;0;0;1,8;5;9;-1
0,23;0;0;0;0;0,23;0;0;0;0;0;0,92;0,46;0;0;0;0;0;2,76;0;2,76;0;0;0,69;0;0;0;0;0;0;0;0;0,46;0;0;0;0;0;0;0;0;0;0;0;0;0;0;0;0;0,445;0;0,202;0,121;0;1,945;7;142;-1
0,46;0,93;0,93;0;0,46;0;0;0,46;0;1,86;0;2,33;0;0,46;0;0,46;0;0;1,86;0;5,14;0;0;0;0;0;0;0;0;0;0;0;0;0;0;0;0;0;0;0;0;0;0;0;0;0;0;0;0;0,252;0;1,683;0,168;0,084;57,076;634;742;1
0;0;0;0;0;0;0;0;0;0;0;0;0;0;0;2,32;0;0;2,32;0;0;0;0;0;0;0;0;0;0;0;0;0;0;0;0;0;0;0;0;0;0;2,32;0;0;0;0;0;0;0,416;0,416;0;0;0;0;1;1;9;-1
0;0;0;0;0;0;0;0;0;0;0;1,31;0;0;0;0;0;0;0;0;0;0;0;0;2,63;2,63;0;0;0;0;0;0;0;0;0;0;0;0;0;0;0;0;0;0;0;0;0;0;0;0;0;0;0;0;2,208;10;53;-1
0;1,36;0,9;0;0;0;0;0;0;1,81;0;0,45;0;0;0;0;0;1,81;0;0;3,18;0;0;0;0,45;0;0;0;0;0;0;0;0,9;0;0;0;0;0;0;0;0;0;0;0;0;0;0;0;0;0,199;0;0;0;0;3,382;53;159;-1
0,14;0,29;0,44;0;0,88;0,29;0;0;1,47;1,47;0,14;1,91;0,29;0;0,58;0,29;0;1,62;2,35;0,14;2,35;0;0,73;0,29;0;0;0;0;0;0;0;0;0;0;0;0;0;0;0;0;0;0;0;0;0;0;0;0;0;0,023;0;1,004;0,215;0,047;6,602;217;898;1
0;0,64;0,64;0;0,64;0;0,64;0;2,59;1,29;1,29;1,94;0;0;0;0,64;0,64;0,64;3,24;0;2,59;0;0;0;0;0;0;0;0;0;0;0;0;0;0;0;0;0;0;0;0;0;0;0;0;0;0;0;0;0;0;0,233;0;0;1,136;4;25;1
0;0;0;0;0;0;0;0;0;0;0;0;0;0;0;0;0;0;0;0;0;0;0;0;8,69;0;0;0;0;0;0;0;0;0;0;0;4,34;0;0;0;0;1,44;1,44;0;1,44;0;0;0;0;0;0,222;0;0;0;5,357;28;150;-1
0;0;0;0;0;0;0;0;0;0;0;1,24;0;0;0;0;0;0;0;0;0;0;0;0;0;0;0;0;0;0;0;0;6,22;0;0;0;0;0;0;0;0;0;0;0;0;0;0;0;0;0;0;0;0;0;1,6;7;64;-1
0;0;0;0;0;0;0;4,23;0;0;0;0;0;0;0;0;0,84;0;0;0;0;0;0;0;0;0;0;0;0;0;0;0;0;0;0;0;0,84;0;0,84;0;1,69;0;0,84;0;0,84;1,69;0;0;0;0;0,126;0;0;0;1,605;12;61;-1
0;0;0;0;0;0;0;0;0;0;0;0;0;0;0;0;0;0;0;0;0;0;0;0;0;0;20;0;0;0;0;0;0;0;0;0;0;0;0;0;0;0;0;0;0;0;0;0;0;0;0;0;0;0;1;1;5;-1
0;0;0,22;0;0;0;0;0;0;0;0;0,22;0;0;0;0;0;0;1,11;0;0,22;7,12;0;0;0;0;0;0;0;0;0;0;0;0;0;0;0;0;0,22;0;0;0;0;0;0;0;0;0;3,125;0;0;0,24;0;0,28;5,397;43;448;-1
0,02;0;0,1;0;0,05;0,05;0;0,13;0,3;0;0;0,13;0;0;0;0;0;0,02;0,1;0;0,08;0;0;0;0,46;0,49;0,02;0;0;0;0;0;0,27;0;0;0;0,41;0;0,13;0;0;0;0;0;0;0;0;0;0,166;0,158;0,047;0;0,007;0;2,984;52;1758;-1
0,15;0,45;1,05;0;0,45;0;0;1,81;0,6;0,75;0;0,9;0,3;0;0,3;0;0;0;4,07;0;1,51;0;0;0,3;0;0;0;0;0;0;0;0;0;0;0;0;0;0;0;0;0;0;0;0;0,15;0;0;0;0;0,25;0;1,318;0,068;0;5,301;130;774;1
0,34;0,42;0,25;0;0,08;0,42;0,08;0,25;0,08;1,63;0,34;0,51;0,94;0;0,17;0,08;0;0;3;0;0,94;0;0,34;0,34;0;0;0;0;0;0;0;0;0;0;0;0;0;0;0;0;0;0;0;0;0,17;0;0;0;0;0,063;0;0,287;0,223;0,079;3,314;62;537;1
0;0;0;0;0;0,44;0;0;0;0;0;0;0;0;0;0,44;0;0,44;0,44;0;0,44;0;0;0;0;0;0;0;0;0;0;0;0;0;0;0;0,44;0;0;0;0;0;0;0;0,44;0,44;0;0;0;0,175;0,058;0;0;0,058;8,478;122;390;-1
0;0;0,25;0;0;0;0;0;0;0;0;0,25;0,25;0;0;0;0;0;4,02;0;4,02;0;0;0;0,75;0,75;0;0;0,25;0;0;0;0;0;0;0;0;0;0;0;0;0;0;0;0;0;0,25;0;0;0,111;0;0;0;0;4,446;29;209;-1
0;0;0;0;0;0;0;0;0;0;0;0;0;0;0;0;0;0;0;0;0;0;0;0;0;0;0;0;0;0;0;0;0;0;0;0;0;0;0;0;0;0;0;0;1,44;0;0;0;0;0,196;0;0,392;0,196;0;5,466;22;82;1
0,14;0;0,28;0;0,09;0,24;0,04;0,04;0,24;0;0;0,52;0,04;0,09;0;0;0,14;0;0,24;0,04;0,28;0;0,38;0,14;0;0;0;0;0;0;0;0;0;0;0;0,19;0;0;0;0,04;0;0;0;0,04;0,09;0;0;0;0;0,061;0;0,007;0,099;0;1,867;14;521;1
0,54;0;1,08;0;0,54;0;1,08;0;0;0;0;0,54;0;0;0;0,54;0,54;0;4,32;0;1,08;0;1,62;0;0;0;0;0;0;0;0;0;0;0;0;0;0;0;0;0;0;0;0;0;0,54;0;0;0;0;0;0;1,218;0,261;0;5,323;68;181;1
0;0;0;0;0;0;0;0;0;0;0;0;0;0;0;0;0;0;4,16;0;0;0;0;0;0;0;0;0;0;0;0;0;0;0;0;0;0;0;0;0;0;0;0;0;0;0;0;0;0;0;0;0,74;0;0;1,625;6;13;-1
0;0;0;0;1,29;0;0;0;0;0;0;0;0;0;0;0,64;0;1,29;2,58;0,64;1,29;0;0;0;0;0;0;0;0;0;0;0;0;0;0;0;0;0;0,64;0;0;0;0;0;0;0;0;0;0;0,224;0;2,354;0;0;2,09;13;69;1
0;0;0;0;0;0;0;0;0;0;0;1,11;0;0;0;0;0;0;0;0;0;0;0;0;1,11;1,11;0;0;0;0;0;0;0;0;0;0;0;0;0;0;0;0;0;0;0;0;0;0;0;0,183;0;0;0;0;1,8;4;36;-1
0;0;0;0;0;0;0;0;0;0;0;0;0;2,06;0;0;0;0;0;0;0;0;0;0;0;0;0;0;0;0;0;0;0;0;0;1,03;0;0;0;0;0;0;0;0;1,03;0;0;0;0;0,17;0;0,17;0,341;0;3,809;24;80;1
0;0;0;0;0,91;0;0;0;0;0,45;0;0,45;0;0;0;0;0;0;3,21;0,45;0,91;0;0;0;0;0;0;0;0;0;0;0;0;0;0;0;0;0;0;0;0;0;0;0;1,37;0;0;0;0;0;0;0,164;0;0;1,076;4;42;1
0,3;0;0;0;0;0;0;0;0;0;0;0,3;0;0;0;0;0;0;0;0;0;0;0;0;1,81;2,11;0;0;0;0;0;0;0,3;0;0;0,3;1,51;0;0;0;2,11;0;0;0;0;2,11;0;0;0,358;0,666;0,256;0;0;0;3,923;18;408;-1
0,76;0;0;0;0;0;0;0;0;0;0;0,76;0;0;0;0;0;0;1,52;0;0;0;0;0;0;0;0;0;0;0;0;0;0;0;0;0;0;0;0;0;0;0,76;0;0;0,76;0;0;0;0,135;0;0;0;0;0;1,411;5;24;-1
0;0;0;0;0;0;0;0;0;0;0;0;0;0;0;0;0;0;0;0;0;0;0;0;0;0;0;0;0;0;0;0;0;0;0;0;0;0;0;0;0;0;0;0;0;0;0;0;0;0;0;0;0;0;1,6;4;8;-1
0;0,18;0,37;0;0,18;0;0;0;0;0;0,18;0,56;0;0,18;0,18;0,56;0,18;0,56;0,56;0;0,56;0;0;0;0;0;0;0;0;0;0;0;0;0;0;0;0;0;0;0;0;0;0;0;0;0;0;0;0;0,277;0;0,493;0,061;0,03;1,874;13;253;1
0;0;0,18;0;0;0,09;0;0;0;0;0;0,94;0,37;0;0;0;0,28;0;0;0;0;0;0;0;1,41;0;0;0;0;0;0;0;0,84;0;0;0,47;0,09;0,09;0;0;0;0;0;0;0;0;0;0;0,052;0,065;0;0;0;0;2,022;19;451;-1
0;0;0,17;0;0,17;0;0;0,17;0,08;0;0,08;0,25;0;0;0;0,08;0;0;0,94;0;0,6;0;0,25;0;1,89;0,43;0;0,08;0;0,25;0,34;0;0;0;0,25;0;0,17;0;0;0;0;0;0;0;0;0;0;0,08;0;0,127;0;0,051;0,038;0;1,838;24;605;-1
0;0;0,48;0;1,45;0;0;0;0;0;0;0,97;0;0;0;0;0,97;0;2,42;0;2,42;0;0,48;0;0;0;0;0;0;0;0;0;0;0;0;0;0;0;0;0;0;0;0;0;0,48;0;0;0;0;0,084;0;0,421;0,252;0;5,173;80;238;1
0,14;0,18;0,79;0;0,04;0,14;0,18;0,28;0,28;0,84;0,18;0,46;0,61;0,09;0,32;0,89;0,37;0,46;3,8;0,04;1,87;0;0,46;0,28;0;0;0;0;0;0;0;0;0;0;0;0;0;0;0;0,28;0;0;0;0;0,28;0,04;0;0;0;0,101;0;0,522;0,109;0,062;5,759;116;2062;1
0;0;0;0;0;0;0;0;0;0;0;0;0;0;0;0;0;0;0;0;0;0;0;0;8,33;4,16;4,16;4,16;4,16;4,16;4,16;4,16;0;4,16;4,16;4,16;0;0;0;4,16;0;0;0;0;0;0;0;0;0;1,092;0;0;0;0;3,333;11;30;-1
0;0;0;0;0;0;0;0;0;0;0;0;0;0;0;0;0;0;0;0;0,9;0;0;0;0;0;0,9;0;0;0;0;0;0,9;0;0;0;0;0;0;0;0;0;0;0;0;0;0;0;0;0;0,14;0;0;0;3,472;28;125;-1
0;0,81;1,47;0;1,3;0;0,98;0,98;0,32;1,79;0;0,81;0;0;0,32;0,49;0,65;0;0,98;0,16;1,3;0;0;0;0;0;0;0;0;0;0;0;0;0;0;0,16;0;0;0;0,16;0;0;0;0;0;0;0;0;0;0,247;0;0,179;0,674;0;2,922;113;640;1
0;0;0;0;0;0;0;0;0;0;0;1,75;0;0;0;0;0;0;0,29;0;0;0;0;0;1,75;0,29;0;0,58;0;0;0;0;0;0;0,29;0,29;0,58;0;0;0;0;0;0;0;0,29;0;0;0;0;0,091;0;0,045;0;0;2,333;15;175;-1
0;0;0;0;0;0;0;3,33;3,33;0;0;0;0;0;0;0;3,33;0;0;0;6,66;0;0;0;0;0;0;0;0;0;0;0;0;0;0;0;0;0;0;0;0;0;0;0;0;0;0;0;0;0;0;0,396;0;0,396;3,714;11;26;1
0;0,81;1,47;0;1,3;0;0,98;0,98;0,32;1,79;0;0,81;0;0;0,32;0,49;0,65;0;0,98;0,16;1,3;0;0;0;0;0;0;0;0;0;0;0;0;0;0;0,16;0;0;0;0,16;0;0;0;0;0;0;0;0;0;0,246;0;0,179;0,673;0;2,922;113;640;1
0;0;2,56;0;0;0;0;0;0;0;0;0;0;0;0;0;0;0;0;0;0;0;0;0;0;0;0;0;0;0;0;0;0;0;0;0;0;0;0;0;0;5,12;0;0;0;0;0;0;0;0;0;0;0;0;4,368;52;83;-1
0;0;0;0;0;0;0;0;0;0;0;6,25;0;0;0;0;0;0;12,5;0;0;0;0;0;0;0;0;0;0;0;0;0;0;0;0;0;0;0;0;0;0;0;0;0;0;0;0;0;0;0;0;0;0;0;1;1;2;1
0;0,8;0;0;0,8;0;0,8;0;0;0,8;0;0;0;0;0;0,8;0,8;0,8;1,6;0;1,6;0;0;0;0;0;0;0;0;0;0;0;0;0;0;0;0;0;0;0;0;0;0;0;0;0;0;0;0;0,135;0;0,27;0;0;3,115;19;81;1
0;0;0;0;0;0;0;0,4;0;0;0;0,81;0,4;0;0;0;0;0;1,22;0;0;0;0;0;2,86;2,45;0;0;0,4;0,4;0;0;0;0;0;0;0,4;0;0,4;0;0;0;0;0,4;0;0;0;2,45;0,126;0,063;0,063;0,063;0;0;1,611;12;116;-1
0;14,28;0;0;0;0;0;0;0;0;0;0;0;0;0;0;0;0;0;0;0;0;0;0;0;0;0;0;0;0;0;0;0;0;0;0;0;0;0;0;0;0;0;0;0;0;0;0;0;0;0;0;0;0;1,8;5;9;-1
0;0;0;0;0;0,63;0;1,58;0,31;0,63;0;0,95;0;0;0;0;0;0;1,26;0;0,63;0;0,31;0;0;0;0;0;0;0;0;0;0;0;0;0;0;0;0;0;0;0;0;0;0;0;0;0;0;0,103;0;0,206;0,206;0;4,171;76;292;1
0;0;0;0;0;0;0;0;0;0;0;0;0;0;0;1,03;0;0;3,09;0;0;0;0;0;0;0;0;0;0;0;0;0;0;0;0;0;0;0;0;0;0;0;0;0;1,03;1,03;0;0;0;0;0;0;0;0;2,843;47;91;-1
0;0;0,59;0;0,59;0;0;0;0;0;0;0,59;0;0;0;0;0;0;0,59;0;0,59;0;0;0;0;0;0,59;0;0;0;0;0;0;0;0;0;0;0;0;0;0;0;0;0;0,59;0;0;0;0;0,105;0;0;0;0;1,826;8;42;-1
0;0;0,34;0;0;0;0,34;0;0;0,34;0;0,34;0;0;0;0,68;0,34;0,34;0,68;0,34;0,34;0;0;0;0;0;0;0;0;0;0;0;0;0;0;0;0;0;0;0,34;0;0;0;0;0;0;0,34;0;0;0,393;0;0,224;0,056;0;2,257;17;158;1
0;0,31;0;0;0;0;0;0,31;0;0;0;0,62;0;0;0;0;0;0,31;0;0;0;0;0;0;0;0;0;0;0;0;0;0;0;0;0;0;0,62;0;0,31;0;1,24;0;0,31;0;0;1,24;0;0;0;0,088;0,044;0;0;0;3,086;34;250;-1
0;14,28;0;0;0;0;0;0;0;0;0;0;0;0;0;0;0;0;0;0;0;0;0;0;0;0;0;0;0;0;0;0;0;0;0;0;0;0;0;0;0;0;0;0;0;0;0;0;0;0;0;0;0;0;1,8;5;9;-1
0,17;0,17;0;0;0,52;0;0;0,43;0;0,17;0,17;0,35;0;0;0;0,87;0;0;1,4;0,17;0,87;0;0;0,17;0;0;0;0;0;0;0;0;0;0;0;0;0;0;0;0;0;0;0;0;0;0;0;0;0;0,376;0;0,25;0,721;0;2,742;35;617;1
0;0;0;0;0;0;0;0;0;0;0;0;0;0;0;0;0;0;6;0;2;0;0;0;0;0;0;0;0;0;0;0;0;0;0;0;0;0;0;0;0;0;0;0;0;2;0;0;0;0;0;0,353;0;0;1,555;4;14;-1
0,05;0,05;0,4;0;0,34;0;0;0;0,57;0,05;0;0,28;0,11;0;0;0,17;0;0;1,15;0,05;0,92;0;0;0,05;0;0;0;0;0,05;0;0;0;0;0;0;0;0;0;0;0;0;0,11;0;0;0,05;0;0;0;0,019;0,099;0;0,089;0,079;0,009;4,913;95;1312;1
0,04;0,02;0,14;0;0,25;0,08;0;0,08;0,02;0,12;0;0,27;0;0;0,02;0;0,08;0,23;0,17;0;0,06;0,29;0;0;0;0;0;0,04;0;0;0;0;1,4;0;0;0,12;1,04;0;0;0;0,17;0,04;0;0,06;0,06;0,27;0;0,02;0,046;0,149;0,005;0,014;0;0,002;2,35;46;3006;-1
0;0;1,18;0;0,16;0;0;0;0;0,16;0;0,16;0,16;0;0;0;0,16;0;2,88;0;0,5;0;0;0;0;0;0;0;0;0;0;0;0;0;0;0;0;0;0;0;0;0;0;0;0,33;0;0;0;0,031;0,374;0;0,561;0;0;1,462;10;136;-1
0;0;0;0;0,57;0;0;0;0;0;0;1,72;0;0;0;0;0;0,57;0;0;0;0;0;0;1,72;0,57;0;0,57;0;0,57;0;0;0;0;0,57;0,57;0;0;0;0;0;0;0;0;0;0;0;0;0;0,077;0;0;0;0;1,964;12;110;-1
0,1;0,1;0,03;0;0,07;0,03;0;0,03;0;0,1;0;0,53;0;0;0;0,17;0,03;0;0,81;0,03;1,35;0;0,1;0,17;0;0;0;0;0;0;0;0;0;0;0;0;0;0;0;0;0;0,03;0;0;0;0;0,03;0;0;0,071;0;0,006;0,065;0;2,106;46;3214;1
0;0;0,83;0;0,41;0;0;0;0;0;0;0;0,41;0;0;0;0;0;3,33;0;0;0;0;0;0;0;1,25;0;0;0;0;0,41;0;0,41;0;0;0;0;0;0;0;0;0;0;0,41;0;0;0;0;0,065;0;0,195;0;0;1,444;22;91;-1
0;1,11;0,55;0;0;0;0;0;0;0;0,55;0;1,11;0;0;3,35;0;0;0,55;0;1,11;0;0;0;0;0;0;0;0;0;0;0;0;0;0;0;0;0;0;0,55;0;0;0;0;0;0;0;0;0,19;0;0;1,429;0,095;0;2,861;36;186;1
0;14,28;0;0;0;0;0;0;0;0;0;0;0;0;0;0;0;0;0;0;0;0;0;0;0;0;0;0;0;0;0;0;0;0;0;0;0;0;0;0;0;0;0;0;0;0;0;0;0;0;0;0;0;0;1,8;5;9;-1
0,16;0;0,67;0;0,33;0,16;0,33;0,84;0,16;0,5;0,33;1,51;0;0;0;0;1,68;0,33;2,02;1,68;3,87;0;0;0,33;0;0;0;0;0;0;0;0;0;0;0;0;0;0;0;0,16;0;0;0;0;0;0;0;0;0;0,224;0;1,151;0,056;0;4,928;63;621;1
0;0;0;0;0;0;0;0;0;0,47;0;0;0;0;0;0;0;0;0;0;0;0;0;0;0;0;0,47;0;0,47;0;0;0;0,47;0;0;0;0;0;0;0;0;0;0;0;0;0;0;0;0;0,074;0,297;0;0;0,074;4,308;28;293;-1
0;0,39;0;0;0;0;0;0;0,39;0;0;1,97;0,79;0;0;0;1,18;0;0,79;0,39;0;0;0;0;0,39;0;0;0;0;0;0;0;0;0;0;1,97;0;0;0;0;0;0;0;0;0;0;0,39;0;0;0,192;0;0,128;0;0;1,229;6;75;-1
0;0;0;0;0;0;0;0;0;0;0;0;0;0;0;0;0;0;0,68;0;0,34;0;0;0;5,86;2,75;1,37;0,68;0,68;0,68;0,68;0,68;0;0,68;0,68;0,68;0,68;0;0,34;0,68;0;0;0,68;0;0,68;0;0;0;0,11;0,276;0,11;0,055;0,055;0;2,87;15;244;-1
0,82;0;0,82;0;0,41;0;0,41;0,82;0,41;1,23;1,65;0,41;0;0;0;2,47;1,65;0;1,23;1,23;2,06;0;0;0,82;0;0;0;0;0;0;0;0;0;0;0;0;0;0;0;0;0;0;0;0;0;0;0;0;0;0;0;0,53;0,132;0,132;6,404;76;301;1
0;0;0;0;0;0;0;0;0;0;0;0;0;2,94;0;0;0;0;2,94;0;2,94;0;0;0;0;0;2,94;0;0;0;0;0;0;0;0;0;0;0;0;0;0;0;0;0;2,94;0;0;0;0;0;0;0;0;0;1;1;10;-1
0;0;0;0;0;0;0;0;0;0;0;0;0,48;0;0;0;0;0;0;0;0;0;0;0;0,48;1,93;0;0;0,48;0;0;0;0;0;0;0;1,44;0;0;0;0;0;0;1,44;0;0;0;0;0;0,304;0;0;0,365;0;3,016;10;187;-1
0;0;1,31;0;0,65;0;0;0;0;0;0;0,65;0;0;0;0;0;0;5,26;1,97;4,6;0;0;1,31;0;0;0;0;0;0;0;0;0;0;0;0;0;0;0;0,65;0;0;0;0;0;0;0;0;0;0;0;0,816;0,068;0;3,173;43;165;1
0;0;0,48;0;0;0;0;0;0;0;0;0;0;0;0;0;0,48;0;0;0;0;0;0;0;0,96;1,93;0;0;0;0,48;0;0;0;0;0;0,96;0,48;0;0;0;0;0;0;0;0,48;0;0;0;0;0;0;0;0;0;1,353;7;88;-1
0;0;0,8;0;0;0;0;0;0;0;0;0,8;0;0;0;0;0;0;4,8;0;1,6;0;0;0;0;0;0;0;0;0;0;0;0;0;0;0;0;0;0;0;0;0;0;0,8;0;0;0;0;0;0;0;0;0;0;1;1;11;-1
0,17;0;0,17;0;1,52;0,35;0,05;0,05;0,05;0,05;0,05;0,52;0,29;0,05;0;0;0,64;0,05;4,21;0,23;1,11;0;0,82;0,05;0;0;0;0;0;0;0;0;0;0;0;0;0;0;0;0;0;0;0,05;0;0,05;0;0;0;0,01;0,052;0;0,01;0,167;0;1,818;13;462;1
0;0;1,58;0;0;0;0;0;0;1,58;0;0;0;1,58;0;0;0;0;3,17;0;1,58;0;0;0;1,58;0;3,17;0;1,58;1,58;0;0;0;0;0;1,58;0;0;0;0;0;0;0;0;1,58;0;0;0;0;0;0;0;0;0;1,4;5;35;-1
0;0;0;0;0;0;0;0;0;0;0;1,78;0;0;0;0;0;0;3,57;0;1,78;0;0;0;0;0;0;0;0;0;0;0;0;0;0;0;0;0;0;0;0;1,78;0;0;1,78;0;0;0;0;0;0;1,194;0;0;2,23;8;29;-1
0;0;0;0;0;0;0;0;0;3,7;0;0;0;0;0;0;0;0;3,7;0;7,4;0;0;0;0;0;0;0;3,7;0;0;0;0;0;0;0;0;0;0;0;0;0;0;0;0;0;0;0;0;0;0;0;0;0;2;4;8;-1
0;0;0;0;0;0;0;0;0;0;0;0;0;0;0;0;0;0;4,87;0;0;0;0;0;0;0;7,31;0;0;0;0;0;0;0;0;0;2,43;0;0;0;0;0;0;0;2,43;0;0;0;0;0;0;0;0;0;1,461;5;19;-1
0;0;0;0;0,96;0;0,96;0;0;0;0;0;0;0;0;0,96;0;0;0;0;1,92;0;0;0;0;0;0;0;0;0;0;0;0;0;0;0;0;0;0;0;0;0;0;0,96;0;0;0;0;0;0;0;0,824;0;0;3,025;67;118;1
0;0;0,71;0;0,71;0;0;0;0;0;0;0;0;0;0;0,71;0;0;1,42;0;0,71;0;0;0;0;0;0;0;0;0;0;0;0;0;0;0;0;0;0;0;0;0;0;0;0,71;0;0;0;0;0,121;0;1,094;0;0;2,021;16;95;1
0;0,22;0;0;0,22;0;0;0,22;0;0,45;0;0,22;0;1,59;0;0;0,22;0;1,36;0;0;0;0;0;0,68;0;0,22;0;0;0;0,22;0;0;0;0,22;0;0,45;0;0;0;0;0;0;0;0;0;0;0;0;0,053;0;0;0;0;4,964;152;705;-1
0;0;0,32;0;0;0;0;0;0,32;0;0;1,3;0;0;0;0;0;0;0,97;0;0,32;0;0;0;0;0;0;0;0;0,32;0;0;0;0;0;0;0,32;0;0,32;0;0,65;0;0,32;0,32;0;1,3;0;0;0,047;0,094;0,047;0;0;0;1,973;17;148;-1
0;0;0;0;0;0;0;0;0;0;0;0;0;0;0;0;0;0;0;0;0;0;0;0;1,72;3,44;0;0;0;0;0;0;0;0;0;0;1,72;0;0;0;0;0;0;0;0;0;0;0;0;0;0;0;0;0;1,611;7;29;-1
0;14,28;0;0;0;0;0;0;0;0;0;0;0;0;0;0;0;0;0;0;0;0;0;0;0;0;0;0;0;0;0;0;0;0;0;0;0;0;0;0;0;0;0;0;0;0;0;0;0;0;0;0;0;0;1,8;5;9;-1
0;0;0;0;0;0;0;0;0;0;0;0;0;0;0;0;0;0;0;0;0;0;0;0;0;0;0;0;0;0;0;0;0;0;0;0;0;0;0;0;0;0;0;0;0;0;0;0;0;0;0;0;0;0;1;1;4;-1
0,15;0;0,3;0;1,23;0,61;0;0,61;0;0,15;0;0,3;0;0;0,15;0,3;1,54;2,32;1,85;0;1,08;0;0;0,3;0;0;0;0;0;0;0;0;0;0;0;0;0;0;0;0,46;0;0;0;0;0;0;0;0;0;0,128;0;0,615;0,025;0;1,377;13;186;1
0;0;1;0;1;0;0;0;0;0;0;0;0;0;0;0;1;0;0;0;2;0;0;0;0;0;0;0;0;0;0;0;0;0;0;0;0;0;0;1;0;0;0;0;1;0;0;0;0;0,609;0;1,524;0;0,304;1;1;36;1
0,17;0,26;1,21;0;0,43;0,6;0,43;0,26;0,69;0,52;0,26;1,3;0,17;0;0,6;0,69;0,08;1,47;2,43;0,17;1,04;0;0,95;0,17;0;0;0;0;0;0;0;0;0;0;0;0;0;0;0;0,08;0;0;0;0;0,08;0;0;0;0;0,107;0;0,256;0,242;0,013;6,142;583;1339;1
0;0;0;0;0;0;0;0;0;0;0;0;0;0;0;0;0;0,84;0;0;0;0;0;0;2,54;2,54;0;1,69;0;0;0;0;0;0;1,69;0;0;0;0,84;0;0;0;0;0;0,84;0;0;0,84;0;0,123;0;0,123;0;0,371;5,515;34;182;-1
0;0;1,2;0;0;0;0;0;0;0;0;2,4;0;0;0;0;0;0;2,4;0;4,81;0;0;0;0;0;0;0;0;0;0;0;0;0;0;0;0;0;0;0;0;0;0;0;0;0;0;0;0;0;0;0;0;0;4;16;72;1
0;0;0;0;0;0;0;0,65;0;1,3;0;0;0;0;0;0;0;0,32;0,32;0;0,65;0;0;0;4,9;4,24;0,32;0;0;0,65;0;0;0;0;0;0;1,63;0;0;0;0,98;0;0;0;0,65;0;0;0;0,153;0,562;0,102;0;0;0;5,555;42;500;-1
0;0;0;0;0;0;0;0;0;0;0;0;0;0;0;0;0;0;5,88;0;0;0;0;0;0;0;0;0;0;0;0;0;0;0;0;0;0;0;0;0;0;0;0;0;0;0;0;0;0;0;0;0;0;0;1;1;4;-1
0,17;0;0,26;0;0,08;0,08;0;0,08;0,08;0,08;0,17;0,17;0,08;0;0;0,08;0,26;0;1,75;0;1,14;0;0;0;1,93;0,52;0;0,17;0;0;0,26;0;0,17;0;0,26;0,08;0,79;0;0;0;0;0;0;0;0,08;0;0;0;0;0,063;0;0,038;0;0;1,66;20;646;-1
0;0;0,38;0;1,15;0;0;0;0;0,77;0;0,38;0;0;0;0,38;0,77;0;2,7;0;1,15;0;0,38;0;0;0;0;0;0;0;0;0;0;0;0;0;0;0;0;0;0;0;0;0;1,15;0;0;0;0;0,061;0;0,985;0,184;0;3,923;78;255;1
0,7;0;0,35;0;0,7;0,35;0,7;0;0,7;0;0;0;0,7;0;0;0;1,05;0;3,16;0;1,4;0;0;1,05;0;0;0;0;0;0;0;0;0;0;0;0;0;0;0;0;0;0;0;0;0;0;0;0;0;0,173;0;0,23;0;0;4,596;60;262;1
0,13;0,13;0,13;0;0,55;0,27;0,27;0,13;1,11;0,27;0;0,97;0,27;0;0,13;0;0;0;3,91;0,13;2,65;0;0,13;0,55;0;0;0;0;0;0;0;0;0;0;0;0;0;0;0;0,13;0;0;0;0;0;0;0;0;0;0,018;0;1,294;0,182;0;4,745;232;726;1
0,57;0;0,57;0;0;0;0;0,57;0;0;0;1,14;0;0;0;0;0;0;5,14;0;1,14;0;2,85;0;0;0;0;0;0;0;0;0;0;0;0;0;0;0;0;0;0;0;0;0;0;0;0;0;0;0;0;0,211;0,74;0;2,9;32;116;1
0,44;0,44;0;0;0;0;0;0;0;2,64;0;1,76;0;0;0;0;0;0,44;2,64;0;0,44;0;0;0;0;0;0;0;0;0;0;0;0;0;0;0;0;0;0;0;0;0;0;0;0;0;0;0;0;0,231;0;0;0,231;0;5,977;70;263;1
0;0,66;0,66;0;0,33;0;0;0;0;0;0;0,66;0;0;0;0,33;0;1,32;2,64;0;1,32;0;0;0;0;0;0;0;0;0;0;0;0;0;0;0;0;0;0;0;0;0;0;0;0,33;0;0;0;0;0,053;0;0,583;0;0;4,024;121;326;1
3,03;0;0;0;0;0;0;0;0;0;0;0;0;0;0;0;0;0;3,03;0;0;0;0;0;0;0;3,03;0;0;0;0;0;0;0;0;0;0;0;3,03;0;0;0;0;0;3,03;0;0;0;0;0,609;0;0;0;0;1,181;3;13;-1
0,06;0;0,06;0;0,19;0;0;0;0,73;0;0;0,19;0;0;0;0;0;0,06;0,26;0;0,19;0;0;0;0,79;0,86;0,06;0;0;0,06;0;0;1,06;0;0;0;0;0;0;0;0,13;0;0;0;0;0;0,06;0;0,363;0,143;0,057;0;0,019;0;2,716;37;880;-1
0,76;0;0,76;0;0;0,38;0;0;0;0;0;1,15;0,38;0;0;0;0;0;2,3;0;0;0;0;0;0;0;0;0;0;0;0;0;0;0;0;0;0;0;0,38;0;2,69;0;0;0;0,38;0,38;0;0;0;0,18;0;0,54;0;0;2,285;15;144;-1
0;0;0;0;0;0;0;0;0;0;0;0;0;0;0;0;0;0;0;0;0;0;0;0;0;0;6,66;0;0;0;0;0;0;0;0;0;0;0;0;0;0;0;0;0;0;0;0;0;1,204;0;0;0;0;0;1,285;2;9;-1
0;0;0;0;0,49;0;0,98;0;0;0;0;0,98;0;0;0;0;0,98;0;2,45;0;1,96;0;0;0;0;0;0;0;0;0;0;0;0;0;0;0;0;0;0;0;0;0;0;0;0;0;0;0;0,064;0,258;0;0,645;0,064;0,064;3,552;25;135;1
0;0;0;0;0;0;0;0;0;0;0;0;0;0;0;0;0;0;0;0;0;0;0;0;15,38;0;0;0;0;0;0;0;0;0;0;0;0;0;0;0;0;0;0;0;0;0;0;0;0;0;0;0;0;0;3,125;17;25;-1
0,78;0;0,78;0;1,57;0;0;0;0;0;0;0;0;0;0;1,57;0,78;0;1,57;0;2,36;0;0,78;0;0;0;0;0;0;0;0;0;0;0;0;0;0;0;0;0;0;0;0;0;0;0;0;0;0;0;0;0,682;0,341;0;2,555;22;115;1
0;0;0;0;0;0;0;0;0;0;0;0;0;0;0;0;0;0;0;0;0;0;0;0;2,22;6,66;0;0;0;0;0;0;0;0;0;0;0;0;0;0;0;4,44;0;0;0;0;0;0;0;0;0;0;0;0;1,764;6;30;-1
0,13;0,13;0,13;0;0,55;0,27;0,27;0,13;1,1;0,27;0;0,97;0,27;0;0,13;0;0;0;3,88;0,13;2,77;0;0,13;0,55;0;0;0;0;0;0;0;0;0;0;0;0;0;0;0;0,13;0;0;0;0;0;0;0;0;0;0,017;0;1,316;0,177;0;4,947;232;757;1
0;0;0;0;0;0;0;0;0;0;0;0;0;0;0;0;0;0;4,34;0;0;0;0;0;0;0;0;0;0;0;0;0;0;0;0;0;0;0;0;0;0;0;0;0;0;0;0;0;0;0;0;0,787;0;0;1,875;7;15;-1
0;0;0,59;0;0;0;0;0,59;0;0;0;2,99;0;0;0;0;0;0;1,19;0;0;0;0;0;1,19;0,59;0;0;0;0;0,59;0;0;0;0;0;0;0;0;0;0;0;0;0;0;0;0;0;0;0,391;0;0;0;0;1,836;7;90;-1
0;0;0;0;0;0;0;0;0;0;0;0;0;0;0;0;0;0;0;0;0;0;0;0;0;0;0;0;0;0;0;0;0;0;0;0;0;0;0;0;0;0;0;0;16,66;0;0;0;0;0;0;8,333;0;0;2;3;8;-1
0;1,49;0;0;0;0;2,98;0;0;1,49;0;0;0;0;0;1,49;2,98;0;0;0;2,98;0;0;0;0;0;0;0;0;0;0;0;0;0;0;0;0;0;0;0;0;0;0;0;0;0;0;0;0;0,171;0;0;0,171;0,171;13;140;156;1
0;0;0,33;0;0,33;0;0;0;0;0;0;0,33;0;0;0;0;0;0;1,01;0;0,67;0;0;0;1,35;1,01;0,67;0,33;0,33;0,33;0,33;0,33;0,33;0,33;0,33;0,33;0,33;0;0,33;0,33;0;0;0,33;0;1,35;0;0;0;0;0,175;0,058;0;0;0;2,068;12;120;-1
0;0;0;0;0;0;0;0;0;0;0;0;0;0;0;0;0;0;0;0;0;0;0;0;0;0;0;0;0;0;0;0;0;0;0;0;0;0;0;0;0;5,26;0;0;5,26;0;0;0;0;0;0;0;0;0;1,25;2;5;-1
0;0;0;0;0;0;0;0;0;3,7;0;0;0;0;0;1,85;0;0;1,85;0;0;0;0;0;0;0;0;0;0;0;0;0;0;0;0;0;0;0;0;0;0;0;0;0;0;0;0;0;0,258;0;0;1,55;0;0;4,555;13;82;1
0,55;0;0;0;0;0;0;0;0;0;0;0;0;0;0;0;0;0;2,2;0;0,55;0;0;0;0;0;0;0;0;0;0;0;0;0;0;0;0;0;0;0;0;0;0;0;1,1;0;0;0;0;0;0;0,633;0;0;1,386;11;61;-1
0;0;0;0;0;0;0;0;0;0;0;0;0;0;0;0;0;0;0;0;0;0;0;0;0;0;5;0;0;0;0;0;0;0;0;0;0;0;0;0;0;0;0;0;5;0;0;0;0;0;0;0,925;0;0;1,3;4;13;-1
1,63;0;1,63;0;0;0;0;0;1,63;0;0;0;0;0;0;1,63;0;0;3,27;0;3,27;0;0;0;0;0;0;0;0;0;0;0;0;0;0;0;0;0;0;0;0;0;0;0;0;0;0;0;0;0;0;0,759;0,253;0;2;16;36;1
0;0;0;0;0;0;0;0;0;0;0;1,4;0;0;0;0;0,7;0;1,4;0;1,4;0;0;0;0;0;0,7;0;0;0;0,7;0;0;0;0;0;0;0;0;2,11;0;0;0;0;0;0;0;0;0;0,266;0,066;0;0;0;18;200;378;-1
0;0;0;0;0;0;1,47;1,47;1,47;1,47;1,47;0;0;0;0;0;2,94;0;0;1,47;2,94;0;0;0;0;0;0;0;0;0;0;0;0;0;0;0;1,47;0;0;0;0;0;0;0;0;0;0;0;0;0,147;0;0,294;0,147;0;72;281;288;1
0;0;0,17;0;0;0,08;0;0;0;0;0,08;0,87;0,08;0,08;0;0;0,78;0;0;0;0;0;0;0;3,05;0;0,08;0;0;0;0;0;0,61;0;0;0,08;0,08;0;0;0;0;0;0;0;0;0;0;0;0,079;0,068;0;0;0,022;0;2,432;24;540;-1
0;0;0;0;0;0;0;0;0;0;0;0;0;0;0;0;0;0;0;0;0;0;0;0;0;0;2;0;2;0;0;0;2;0;0;0;0;0;0;0;0;0;0;0;0;0;0;0;0;0,337;0;0;0;0,337;2,95;7;59;-1
0;0;0;0;0,47;0;1,43;0;0;0;0,47;0,47;0;0;0;0,47;0;1,91;1,91;0,47;1,43;0;0;0;0;0;0;0;0;0;0;0;0;0;0;0;0;0;0;0;0;0;0;0;0;0;0;0;0;0;0;0,073;0,295;0;3,361;54;158;1
0;0;0,29;0;0,29;0;0;0;0,29;0;0;0,29;0;1,19;0;0;0,29;0;0,29;0;0,29;0;0;0;0;0;0;0,29;0;0;0,29;0;0;0;0,29;0;0,29;0;0;0;0;0,89;0;0;0;0;0;0;0;0,156;0,031;0,376;0;0,125;3,338;157;611;-1
0;0;0;0;0;0;0;0;0;0;0;0;0;0;0;0;0;0;2,66;5,33;1,33;1,33;0;0;0;0;0;0;0;0;0;0;0;0;0;0;0;0;0;0;0;0;0;0;0;0;0;0;0;0;0;0,699;0;0,466;9,2;46;92;1
0,06;0;0,24;0;0,1;0;0;0,17;0,17;0,17;0;0,1;0,03;0;0;0,03;0;0;0,45;0;0,2;0;0,03;0;1,18;1,22;0;0;0;0;0;0;0;0;0;0;1,36;0;0;0;0;0;0,06;0;0,45;0;0;0;0,179;0,305;0,029;0,029;0,011;0,023;2,813;26;2510;1
0;1,28;0;0;0,64;0;0;0;0;1,28;0;0;0;0;0;0;0;0;0;0;1,28;0;0;0;0,64;0,64;1,92;0;0;0;0;0,64;0;0,64;0;0;1,28;0;0,64;0;0;0;0,64;0;0,64;0;0;0;0,104;0,418;0;0,209;0;0;1,888;22;102;-1
0;1,93;0,77;0;0,77;0;0;0,38;0;0;0,38;0;1,54;0;0;0,38;0,38;1,15;4,24;0;6,17;0;0;0;0;0;0,38;0;0;0;0;0;0;0;0;0;0;0;0;0;0;0;0;0;0;0;0;0;0;0;0;0,109;0;0;1,043;4;95;-1
0;0;0;0;0;0;0;0;0;0;0;0;0;0;0;0;0;0;1,92;0;1,92;0;0;0;0;0;0;0;0;0;0;0;0;0;0;0;1,92;0;0;0;0;0;0;0;0;5,76;0;0;0;0,336;0;0;0;0;2,352;15;40;-1
0;0;0,32;0;0,65;0,65;0,32;0,32;0;0;0;0,32;0,32;0;0;0,32;0,32;0;2,28;0;3,25;0;0;0,32;0;0;0;0;0;0;0;0;0;0;0;0;0;0;0;0;0;0;0;0;0,32;0;0;0;0;0,105;0;0;0,158;0;1,494;10;139;1
0;0;0;0;0;0,59;0;2,95;0;0;0;0,59;0,59;0;0,59;5,91;2,95;0,59;1,77;0;1,18;0;0;0,59;0;0;0;0;0;0;0;0;0;0;0;0;0;0;0;0;0;0;0;0;0;0;0;0;0;0;0;0,293;0;0;1,69;15;93;1
0,06;0,06;0,47;0;0,4;0;0;0;0,67;0,06;0;0,33;0,13;0;0;0,2;0;0;1,14;0,13;1,21;0;0;0,06;0;0;0;0;0,06;0;0;0;0;0;0;0;0;0;0;0;0;0,13;0;0;0,06;0;0;0;0,021;0,107;0;0,096;0,085;0,01;3,353;144;845;1
0;0;0;0;0;0;0;0;0;0;0;0;0;0;0;0;0;0;7,4;0;3,7;0;0;0;0;0;0;0;0;0;0;0;0;0;0;0;0;0;0;0;0;0;0;0;0;3,7;0;0;0;0;0;0,613;0;0;1;1;8;-1
0;0;0;0;0;0;0;0;0;0;0;0;0;0;0;0;0;0;1,17;0;0;0;0;0;4,7;2,35;0;0;0;0;0;0;0;0;0;0;0;0;0;0;0;0;0;0;0;0;0;0;0;0;0;0;0;0;2,882;21;49;-1
0;0;0;0;1,35;0,45;0;0;0;0;0;0;0,45;0;0;0,45;0,45;0,45;1,8;0;1,35;0;0;0;0;0;0;0;0;0;0;0;0;0;0;0;0;0;0;0;0;0;0;0;0;0;0;0;0;0,138;0;0,138;0;0;5,809;46;122;1
0;0;0;0;0;0;0;0;0;0;0;0;0;0;0;0;0;0;0;0;0;0;0;0;1,63;4,91;0;0;0;0;0;0;0;0;0;0;0;0;0;0;0;0;0;0;0;0;0;0;0;0;0;0;0;0;1,48;6;37;-1
0;0;0,69;0;0;0;0;0;0;0;0;1,39;0;0;0;0;0;0;0;0;0;0;0;0;2,79;0;0;0;0;0;0;0;0,69;0;0;0;0;0;0;0;0;0;0;1,39;0;0;0;0;0;0;0;0;0;0;1,268;4;52;-1
0;0;0;0;3,03;0;0;0;0;0;0;0;0;0;0;0;0;0;0;0;0;0;0;0;0;0;0;0;0;0;0;0;0;0;0;0;0;0;0;0;0;0;0;0;0;0;0;0;0;0;0;0;0;0;1,538;4;20;-1
0;0;0;0;0;0;0;0;0;0;0;0,33;0;0;0;0;0;0;0;0;0;0;0;0;0;0;0,67;0;0;0;2,71;0;0,67;0;0;0;0;0;0,67;0;0;0;0;4,4;0;0;0;0;0;0;0;0;0;0,555;3;14;348;-1
0;0;0;0;0;0;0;0;0;0;0;0;0;0;0;0;0;0;2,32;0;0;0;0;0;0;0;2,32;0;0;0;0;0;4,65;0;0;0;0;0;0;0;0;0;0;0;2,32;0;0;0;0;0;0;0;0;0;1;1;11;-1
0;0;0;0;0;0;0;0,85;0;0;0;0,85;0;0;0;0;0;0;2,56;0;0,85;0;0;0;0;0;0;0;0;0;0;0;0;0;0;0,85;0;0;0;0;0;0;0;0;0;0;0;0;0;0,144;0;0;0;0;1,333;6;28;1
0;0;2,43;0;0;0;0;0;0,27;0;0;2,16;0;0;0;0;0;0;0,27;0;1,62;0;0;0;0,27;0,54;0;0;0,27;0;0;0;0,27;0;0;0;0;0;0;0,27;0;0;0;0;0;0;0;0;0;0,344;0;0;0;0;2,319;12;167;-1
0;0;0,92;0;0;0;0;0;0;0;0;0;0,61;0;0;0,3;0;0,3;0;0;0,3;0;0;0;0;0;0;0;0;0;0;0;0;0;0;0;0;0;0;0;0;0;0;0;0;0;0;0;0,044;0,222;0;0,178;0;0,044;4,757;70;314;-1
0;0;0;0;0;0;0;0;0;0;0;1,61;0;0;0;0;0;0;0,53;0;0;0;0;0;1,61;0,53;0;0;0,53;0;0;0;0;0;0;0,53;0;0;0;0;0;0,53;0;1,07;0;0;0;0,53;0;0;0;0;0;0;1,375;5;99;-1
0;0;0,55;0;0;0;0;0;0;0;0;0,55;0,55;0;0;0;0;0;0,55;0;0;0;0;0;0;0;0;0;0;0;0;0;0;0;0;0;0;0;0;0;0;0;0;0;0;0,55;0;0;0;0,087;0;0;0;0;2,54;47;94;-1
0;0;0;0;0;0;0;0;0;0;0;4,08;0;0;0;0;0;0;0;0;0;0;0;0;0;0;0;0;0;0;0;0;4,08;0;0;0;0;0;0;0;0;0;0;0;0;0;0;0;0;0;0;0,333;0;0;1,666;4;25;-1
0,6;0;0,36;0;1,44;0;0;0;0,24;1,32;0,72;2,52;0,6;0;0;0,6;0,24;0;4,44;0;1,8;0;0,72;0,96;0;0;0;0;0;0;0;0;0;0;0;0;0;0;0;0;0;0;0;0;0,12;0;0;0;0;0,04;0;0,101;0,202;0;3,548;54;479;1
2;0;0;0;0;0;0;0;0;0;2;2;0;0;0;0;0;0;2;0;8;0;0;0;0;0;0;0;0;0;0;0;0;0;0;0;0;0;0;0;0;0;0;0;0;0;0;0;0;0;0;0;0;0;5,888;29;53;-1
0;0;0,67;0;0;0;0;0;0;0;0;1,01;0,33;0;0;0;0;0;1,35;0;0,33;0;0,33;0;0;0;0;0;0;0;0;0;0;0;0;0;0;0;0;0;0;0;0;0;0,33;0,33;0;0;0;0;0;0,174;0;0;2,071;47;116;-1
0;0,52;0,52;0;0,52;0;0;0;0;0;0;0;0;0;0;0,52;0;0;1,56;0;0;0;0;0;0;0;0;0;0;0;0;0;0;0;0;0;0;0;0;0;0;0;0;0;0;0;0;0;0;0,192;0;0,867;0;0;2,22;20;131;1
0;0;0,33;0;0,66;0;0;0,33;0;1,32;0;0;0;0,33;0;0;0,33;0;1,32;0;0,33;0;0;0;1,98;0,66;0,66;0;0;0;0;0;0,33;0;0;0;0,99;0;0;0;0;0;0,33;0,33;0,33;0;0;0;0,168;0,392;0;0,224;0,336;0;4,115;42;321;-1
0;0,51;0;0;1,02;0;0;0,51;0;0;0;0;0;0;0;0,51;0,51;0;0,51;0;0;0;0;0;0;0;0;0;0;0;0;0;0;0;0;0,51;0;0;0;0,51;0;0;0;0,51;0;0;0;0;0;0,071;0;0;0;0;2,076;9;108;-1
0;0;0;0;0,4;0,4;0,4;0,4;0;0;0,4;0;0;0;0;0,4;0;0;4;0;2;0;0;0,4;0;0;0;0;0;0;0;0;0;0;0;0;0;0;0;0;0;0;0;0;0;0;0;0;0;0;0;0,121;0;0;1,979;12;95;1
0;0;0;0;1,21;0;1,21;1,21;1,21;1,21;1,21;1,21;0;0;0;0;4,87;0;2,43;1,21;4,87;0;0;0;0;0;0;0;0;0;0;0;0;0;0;0;0;0;0;0;0;0;0;0;0;0;0;0;0;0;0;0,555;0;0;104,666;311;314;1
0;0;1,06;0;1,06;0;0;0;0;0;0;1,06;0;0;0;0;0;0;4,25;0;0;0;0;0;0;0;1,06;0;0;0;0;0;1,06;0;0;0;0;0;0;0;0;0;0;0;0;0;0;0;0;0;0;0,186;0;0;1,25;4;25;-1
0;0;0;0;0;0;0;4;0;0;0;0;0;0;0;4;0;0;4;0;0;0;0;0;0;0;0;0;0;0;0;0;0;0;0;0;0;0;0;0;0;0;0;0;0;0;0;0;0;0;0;0;0;0;7,666;12;23;1
0,85;0;0;0;0,85;0;0;0;0;0;0;0,85;0,42;0;0;1,28;0;0;3,86;0;0,85;0;0;0,85;0;0;0;0;0;0;0;0;0;0;0;0;0;0;0;0;0;0;0;0;0;0;0;0;0;0,066;0;0,535;0,133;0;11,592;110;313;1
0;0;0;0;0;0;0;0;0;0;0;0;0,91;0;0;0;0;0;0,91;0;0;0;0;0;0;0;0;0;0;0;0;0;0;0;0;0;0;0;0;0;0;0;0;0;0;0;0;0;0;0,143;0;0,573;0;0;2,884;18;75;1
0;0;0;0;0;0;0;0;0;0;0;0;0;0;0;0;0;0;0;0;0;0;0;0;0;0;4;0;0;0;0;0;0;0;0;0;0;0;0;0;0;0;0;0;0;0;0;0;0;0;0;0;0;0;1,222;2;11;-1
0;0;0;0;0;0;0;0;0;0;0;0;0;0;0;0;0;0;0;0;0;0;0;0;0;0;0;0;0;0;0;0;0;0;0;0;0;0;0;0;0;0;0;0;0;0;0;0;0;0;0;0;0;0;1,266;4;19;1
0,15;0,21;0,58;0;0,15;0,15;0,05;0,1;0;0,42;0,1;0,95;0,42;0,05;0,05;0;0;0,36;3,16;0;1,58;0;0,52;0,31;0;0;0;0;0;0;0;0;0;0;0;0;0;0;0;0;0;0;0;0;0;0;0;0;0,027;0,184;0;0,406;0,388;0,036;4,829;116;1589;1
0;0;2,27;0;0;0;0;0;0;0;0;2,27;0;0;0;1,13;0;1,13;2,27;0;0;0;0;0;0;0;0;0;0;0;0;0;0;0;0;0;0;0;0;0;0;0;0;0;0;1,13;0;0;0;0,143;0;0;0;0;8,761;77;184;-1
0;0;0,73;0;0;0,73;0,73;0;0;0;0;0;0;0;0;0,73;0;0;1,47;0;0;0;0,73;0;0;0;0;0;0;0;0;0;0;0;0;0;0;0;0;0;0;0;0;0;0;0;0;0;0;0;0;0,875;0,109;13,129;2,08;12;52;1
0;0;0;0;0;0;0;0;0;0;0;0;0;0;0;0;0;0;1,2;0;1,2;0;0;0;0;0;1,2;0;0;0;0;0;0;0;0;0;0;0;0;0;0;0;0;0;0;0;0;0;0;0;0;0,237;0;0;2,583;8;62;-1
0;0,44;0;0;0,44;0;0;0;0;0,44;0;0,44;0;0;0;0;0;0;0,44;0;0;8,81;0;0;0;0;0;0;0;0;0;0;0;0;0;0;0;0;0;0;0;0;0;0;0;0;0;0;4,367;0;0;0,074;0;0,592;7,288;43;328;-1
2;0;0;0;0;0;0;0;0;0;2;2;0;0;0;0;0;0;2;0;8;0;0;0;0;0;0;0;0;0;0;0;0;0;0;0;0;0;0;0;0;0;0;0;0;0;0;0;0;0;0;0;0;0;5,888;29;53;-1
0;0;0;0;0;0,4;0;0;0,4;0,4;0;0;0;0;0,4;0;0;0;1,22;1,22;0,4;0;0;0;0;0,4;0,4;0;0;0,4;0;0;0;0;0;0;0;0;0;0;0;0;0;0,81;0;0,4;0;0;0;0,065;0;0;0;0;1,84;8;81;-1
0;1,42;0;0;0;0;0;0;0;1,42;0;0;0;0;0;0;0;0;4,28;0;0;0;0;0;0;0;0;0;0;0;0;0;0;0;0;0;0;0;0;0;0;0;0;0;1,42;1,42;0;0;0;0;0;0;0;0;3,555;21;96;-1
0,24;0;0,12;0;0;0,12;0,24;0;0;0;0;0,37;0;0;0;0;0;0;0,86;0;0,24;0;0;0;1,24;0,62;0,49;0,24;0,24;0,24;0,24;0,24;0,37;0,24;0,24;0,24;0,24;0;0,24;0,24;0;0,12;0,24;0,86;0,24;0;0;0;0,018;0,297;0,055;0;0;0;1,801;13;227;-1
0;0;0;40,13;0;0;0;0;0;0,32;0;0;0;0;0;0;0;0,32;0,98;0;0,32;0;0;0;0;0;0;0;0;0;0;0;0;0;0;0;0;0;0;0;0;0;0;0;0;0;0;0;0;0,185;0;0,185;0,061;0;10,585;124;434;1
0;0;0,25;0;0,38;0,25;0,25;0;0;0;0,12;0,12;0,12;0;0;0;0;0;1,16;0;0,77;0;0;0;0;0;0;0;0;0;0;0;0;0;0;0;0;0;0;0;0;0;0;0;0;0;0;0;0,022;0,044;0;0,663;0;0;1,243;11;184;1
0,11;0,11;0,34;0;0,11;0;0;0;1,02;0;0;0,45;0;0;0;0,11;0;0;0,45;0;0,22;0;0;0;0,56;0,68;0,11;0;0;0;0;0;0,34;0;0;0;0,22;0;0;0,11;0;0,11;0;0;0;0;0;0;0,103;0,177;0,029;0;0,029;0;4,296;81;653;-1
0;0;0;0;0;0;0;0;0;0;0;0;0;0;0;0;0;0;3,84;0;0;0;0;0;0;0;0;0;3,84;0;0;0;0;0;3,84;0;0;0;0;0;0;3,84;0;0;0;0;0;0;0;0;0;0;0;0,751;2,333;13;21;-1
0;0;0;0;0;0;0;0;0;0;0;0;2,56;0;0;0;0;0;2,56;0;0;0;0;0;0;0;0;0;0;0;0;0;0;0;0;0;0;0;2,56;0;0;0;0;0;2,56;0;0;0;0;0;0;0,473;0;0;2,454;15;27;-1
0;0;0;0;0;2,3;0;0;0;0;0;0,76;0,76;0;0;0;0;0;2,3;0;1,53;0;0;0;0;0;0;0;0;0;0;0;0;0;0;0;0;0;0;0;0;0;0;0;0;0;0;0;0;0,829;0;2,766;0,829;0;5,607;25;157;1
0;0;0;0;0;0;0;0;0;0;0;0;0,62;0;0;0,62;0;0;1,88;0;0,62;0;0;0;1,25;0,62;0;0;0;0;0;0;0;0;0;0;1,25;0;1,25;0;0;0;1,25;0;0;0;0;0;0,895;0,179;0,358;0;0;0;1,712;13;149;-1
0,13;0;0,13;0;0;0;0;0;0,13;0,13;0;0,66;0;0,66;0;0;0,13;0;1,06;0;0,66;0;0;0;0,13;0;0;0;0;0;0;0;0;0;0;0;0;0;0;0;0;0,8;0;0;0,13;0;0,93;0;0,014;0,042;0;0;0;0,183;5,603;57;1160;-1
0;0;0;0;0;0;0;0;0;0;0;0;0;0;0;0;0;0;0;0;0;0;0;0;1,53;6,15;0;0;0;0;0;0;0;0;0;0;1,53;0;0;0;0;0;0;0;0;0;0;0;0;0;0;0;0;0;1,714;6;36;-1
0,36;0;0,36;0;0,36;0;0;0;0;0;0;0,72;0;0;0;0;0;0;1,08;0;0;0;0;0;0;0;0;0;0;0;0;0;0;0;0;0;0,72;0;0;0;0;0;0,36;0;1,08;0,72;0;0;0,124;0;0,062;0,062;0;0;1,414;13;116;-1
0;0;0;0;0;0;0;0;0;0;0;0;0;0;0;0;0;0;1,47;0;0;0;0;0;0;0;0;0;0;0;0;0;0;0;0;0;0;0;0;0;0;1,47;0;0;0;1,47;0;0;0;0,335;0;0;0;0,167;2,652;11;61;-1
0;0;0;0;0,64;0;0;0;0;0;0,64;0,64;0;0;0;0;1,29;0;1,29;5,19;1,29;0;0;0,64;0;0;0;0;0;0;0;0;0;0;0;0;0;0;0;0;0;0;0;0;0;0;0;0;0;0,468;0;0,093;0;0;2,755;66;135;1
0;0;0;0;0;0;0;0;0;0;0;0;0;0;0;0;0;0;0;0;0;0;0;0;0;0;0;0;0;0;0;0;0;0;0;0;0;0;0;0;0;0;0;0;0;0;0;0;0;0;0;0;0;0;1;1;1;-1
0;0;0;0;0;0;0;0;0;0;0;1,03;0;0;0;0;0;0;3,09;0;0;0;0;0;1,03;0;0;0;0;1,03;0;0;0;0;0;0;0;0;0;0;0;0;0;0;1,03;0;0;0;0;0;0;0;0;0;1,666;7;25;-1
0;0;0;0;0,84;0;0;0;0;0;0;1,68;0;0;0;0,42;0;0,42;1,68;0;0,42;0;0;0;0;0;0;0;0,84;0;0;0;0;0;0;0;0;0;0;0;0;2,95;0;1,26;0;0;0;0;0,145;0,217;0;0;0;0;1,487;8;61;-1
0;0;0;0;0;0;0;0;0;0;0;3,12;0;0;0;0;0;0;1,56;0;0;0;0;0;0;0;0;0;0;0;0;0;0;0;0;0;0;0;0;0;0;0;1,56;0;0;0;0;0;0;0;0;0,27;0;0;1,5;4;30;-1
0,17;0;0,17;0,17;1,43;0,34;0,05;0,05;0,05;0,05;0,05;0,51;0,28;0,05;0;0;0,69;0,05;4,2;0,23;1,03;0,17;0,74;0,05;0;0;0;0;0;0;0;0;0;0;0;0;0;0;0;0;0;0;0;0;0;0;0;0;0,01;0,05;0;0,02;0,161;0,03;2,093;51;536;1
0;6,34;0;0;0;0;0;0;0;0;0;0;0;0;0;0;0;0;1,58;0;0;0;0;0;1,58;1,58;1,58;1,58;1,58;1,58;1,58;3,17;0;3,17;1,58;1,58;0;0;0;1,58;0;0;0;0;0;0;0;0;0;0,431;0;0;0;0,215;3,461;12;90;-1
0;0;0;0;0;0;0;0;0;0;0;1,2;0;0;0;0;0;0;0;0;0;0;0;0;0;0;0;0;0;0;0;0;0;0;0;0;1,2;0;0;0;0;0;0;0;1,2;0;0;0;0;0,202;0;0;0;0;1,533;5;23;-1
0;0,35;0,17;0;0;0;0;0;0,17;1,25;0;0,53;0;0;0;0;0;0,17;3,21;0;1,25;7,32;0;0,17;0;0;0;0;0;0;0;0;0;0;0;0;0;0;0;0;0;0;0,17;0;0;0;0;0;0;0,066;0;0;0,099;0,63;16,418;158;903;1
0;0,53;0,53;0;0,8;0;0,26;0,26;0;0,26;0;0,53;0,53;0,53;0;0;0;0;2,15;0,26;0,8;0;0;0;0,26;0,26;0;0;0;0;0;0;0,53;0;0;0;0;0;0;0;0;0;0;0;0;0;0;0;0;0;0;0;0,04;0;2,779;21;164;1
0;0;0;0;0;0;0;0;0;0;0;0;0;0;0;0;0;0;1,75;0;0;0;0;0;1,75;0,87;1,75;1,75;1,75;0,87;0,87;0,87;0;0,87;1,75;0,87;0;0;0;0,87;0;0;0;0;0,87;1,75;0;0;0;0,749;0;0,107;0;0;2,454;11;81;-1
0;0;0,87;0;0;0;0;0;0;0,87;0;1,75;0;0;0;0;0;0;0;0;0;0;0;0;0,87;0,87;0;1,75;0;0;0;0;0;0;0;0,87;0;0;0;0;0;0;0;0;0;0;0;0;0;0,608;0;0;0;0;2,941;11;100;-1
0,44;0;0,88;0;0,44;1,32;0;0;0;0;0;0;0;0;0;0;0;0,44;1,76;0;2,2;0;2,2;0;0;0;0;0;0;0;0;0;0;0;0;0;0;0;0;0;0;0;0;0;0;0;0;0;0,222;0;0;0,444;0,37;0;2,448;16;142;1
0;0;0,73;0;0;0;0,73;0;0;0;0;0;0;0;0;2,2;0;0;1,47;0;1,47;0;0;0;0;0;0;0;0;0;0;0;0;0;0;0;0;0;0,73;0;0;0;0;0;0;0;0;0;0;0;0;0,088;0;0;3,048;29;125;1
0,19;0;0;0;0;0;0;0;0;0;0;0,96;0,38;0;0;0;0,58;0;0;0;0;0;0,38;0;3,48;0;0;0;0;0;0;0;0;0;0;0,19;0,19;0,19;0;0;0;0;0;0;0;0;0;0;0,027;0,108;0;0;0,108;0;2,634;23;303;-1
0;0;0,81;0;0,27;0;0;0;0;0,27;0;0,27;0,27;0;0;0;0;0;2,16;0;0,54;0;0;0;0;0;0;0;0;0;0;0;0;0;0;0;0;0;0;0;0;0;0;0;0,54;0,27;0;0;0,045;0,091;0;0,045;0;0;2,078;47;106;-1
0,13;0;0,2;0;0,54;0,13;0;0,13;0,4;0;0;0,06;0,06;0;0;0;1,01;0;0;0;0;0;0;0;1,08;0;0;0,06;0;0;0;0;0;0;0;0;0,4;0;0;0;0;0;0;0;0,06;0;0;0;0,009;0,068;0;0;0,166;0;2,804;45;617;-1
0,44;0;0,88;0;0,44;1,32;0,44;0;0;0;0;0;0;0;0;0;0;0,44;1,76;0;2,2;0;2,2;0;0;0;0;0;0;0;0;0;0;0;0;0;0;0;0;0;0;0;0;0;0;0;0;0;0,215;0;0;0,43;0,358;0;2,403;16;137;1
0;0;0;0;0;0;0,86;0;0;0;0;0;0;0;0;0,86;0;1,73;3,47;0;1,73;0;0;0;0;0;0;0;0;0;0;0;0;0;0;0;0;0;0;0;0;0;0;0;0;0;0;0;0;0,151;0;0,759;0;0;2,75;10;55;1
0;1,26;0;0;0;1,26;0;0;0;0;0;1,26;0;0;0;0;0;0;0;0;1,26;0;0;1,26;0;0;0;0;0;0;0;0;0;0;0;0;0;0;0;0;0;0;0;0;1,26;0;0;0;0;0,198;0;0,198;0,596;0;3,833;17;69;1
0,17;0,11;0,05;0;0,4;0,11;0;0,4;0;0;0;0,34;0,11;0;0;0;0;0;1,15;0;0,57;0;0,05;0;0,52;0;0;0;0;0;0;0;0,23;0;0,17;0;0,63;0;0;0;0;0;0;0,05;0;0;0;0;0,007;0,304;0;0,053;0,03;0;2,548;49;1134;-1
0;0,54;0,54;0;1,09;0,54;2,18;0;0;0,54;0;0,54;0;0;0;0;0;0,54;3,27;0;1,09;0;0;0;0;0;0;0;0;0;0;0;0;0;0;0;0;0;0;0;0;0;0;0;0,54;0;0;0;0;0,157;0;0,471;0;0,078;15,08;147;377;1
0;0;0;0;0;0;0;0;0;0;0;0;0;0;0;0;0;0;0;0;0;0;0;0;0;0;0;0;0;0;0;0;0;0;0;0;0;0;0;0;0;0;0;0;0;0;0;0;3,846;0;0;0;0;0;6,333;17;19;-1
0,29;0;0,29;0;0;0;0;0;0;0,29;0;0,29;0,59;0;0;0,29;0;0;3,86;0;0,29;0;0;0;0;0;0;0;0;0;0;0;0;0;0;0;0;0;0;0;0;0;0;0;0;0,29;0;0;0;0,107;0;0;0;0;1,22;6;61;-1
0;0;0;0;0;0;0;0;0;0;0;0;0;0;0;0;0;0;0;0;0;0;0;0;0;0;0;0;0;0;0;0;0;0;0;0;0;0;0;0;0;0;0;0;1,17;0;0;0;0;0,407;0;0,203;0,61;0;4,133;17;62;1
0;0,54;0;0;0;0;1,08;0;0;0,54;0,54;0,54;0;0;0;2,17;0;0,54;3,26;0;1,08;0;0;0;0;0;0;0;0;0;0;0;0;0;0;0;0;0;0;0;0;0;0;0;0,54;0;0;0;0;0;0;0,334;0;0;1,325;5;53;1
0;0;0;0;0;0;0;0;0;1,19;0;0;0;0;0;0;0;0;1,19;0;0;0;0;0;0;0;0;0;0;0;0;0;0;0;0;0;1,19;0;0;0;0;0;0;0;0;9,52;0;0;0;0;0;0;0;0;2,074;15;56;-1
0;0;0,32;0;0,65;0,65;0,32;0,32;0;0;0;0,32;0,32;0;0;0,32;0,32;0;2,28;0;3,26;0;0;0,32;0;0;0;0;0;0;0;0;0;0;0;0;0;0;0;0;0;0;0;0;0,32;0;0;0;0;0,105;0;0;0,158;0;1,494;10;139;1
0;0;0;0;0,63;0;0,31;0,63;0,31;0,63;0,31;0,31;0,31;0;0;0,31;0;0;3,18;0;0,31;0;0;0;0;0;0;0;0;0;0;0;0;0;0;0;0;0;0;0;0;0;0;0;0;0;0;0;0;0,137;0;0,137;0;0;3,537;40;191;1
0;0,65;0;0;0,65;0;1,31;0;0;0;0;0,65;0;0;0,65;0;0;0;3,28;0;0,65;0;0;0,65;0;0;0;0;0;0;0;0;0;0;0;0;0;0;0;0;0;0;0;0;0;0;0;0;0;0;0,104;0,522;0;0;1,69;11;71;1
0;0;0;0;0;0;0;0;0;0;0;1,63;0;0;0;0;0;0;1,63;0;0;0;0;0;0;0;1,63;0;0;0;0;0;0;0;0;0;0;0;0;0;0;0;0;0;1,63;0;0;0;0;0;0;0;0;0;2,333;8;28;-1
0;0;0;0;0;0;0;0;0;0;0;0,76;0;0;0;0;0;0;0,76;0;1,53;0;0;0;10,76;0;0;0;0;0;0;0;0;0;0;0;0,76;0;0;0;0;0;0,76;0;0;0;0;0;0,377;0;0,094;0;0;0;4,807;31;274;-1
0;0;0;0;0;0;0;0;0;0;0;1,14;0;0;0;0;0;0;1,14;0;0;0;0;0;0;0;0;0;0;0;0;0;0;0;0;0;0;0;0;0;0;0;0;0;0;0;0;0;0;0;0;0;0;0;1,545;4;17;1
0;0;0;0;0;3,57;0;0;0;0;0;0;0;0;0;0;0;0;7,14;0;0;0;0;0;0;0;0;0;0;0;0;0;0;0;0;0;0;0;0;0;0;0;0;0;0;3,57;0;0;0;0;0;0;0;0;1;1;7;-1
0;0;0;0;3,44;0;0;0;0;0;0;0;0;0;0;0;0;0;0;0;0;0;0;0;0;0;0;0;0;0;0;0;0;0;0;0;0;0;0;0;0;0;0;0;0;0;0;0;0;0;0;0;0;0;1,307;5;17;-1
0;0;1,06;0;0;1,06;1,06;0;0;0;0;1,06;1,06;0;0;0;0;0;2,12;0;0;0;0;0;0;0;0;0;0;0;0;0;0;0;0;0;0;0;0;0;0;0;0;0;0;0;0;0;0;0;0;0;0;0;4,909;78;108;1
1,63;0;1,63;0;0;0;0;0;1,63;0;0;0;0;0;0;1,63;0;0;3,27;0;3,27;0;0;0;0;0;0;0;0;0;0;0;0;0;0;0;0;0;0;0;0;0;0;0;0;0;0;0;0;0;0;0,8;0,266;0;2;16;36;1
0;0;0;0;0;0;0;0;0,68;0;0,68;0;0;0;0;0,68;0;2,04;4,08;0;0,68;0;0;0;0;0;0;0;0;0;0;0;0;0;0;0;0;0;0;0;0;0;0;0;0;0;0;0;0;0;0;0,523;0;0;1,218;5;39;-1
0;0;0;0;0;0;0;0;0;0;0;0;0;0;0;0;0;0;0;0;0;0;0;0;15,38;0;0;0;0;0;0;0;0;0;0;0;0;0;0;0;0;0;0;0;0;0;0;0;0;0;0;0;0;0;14;53;56;-1
0;0;0;0;0;0;0;0;0;0;0;0;0,97;0;0;0;0;0;0;0;0;0;0;0;6,79;3,88;0,97;0,97;0,97;0,97;0,97;0,97;0;0,97;0,97;0,97;0,97;0;0;0,97;0;0;0,97;0;1,94;0;0;0;0;0,299;0,149;0;0;0;2,666;13;72;-1
0;1,16;0;0;0;0;0;1,16;0;1,16;0;0;0;0;0;0;0;0;0;0;1,16;0;0;0;0;0;0;0;0;0;0;0;0;0;0;0;0;0;0;0;0;0;0;0;1,16;0;0;0;0;0;0;0;0;0;1,25;3;20;-1
0;0,63;0;0;1,59;0,31;0;0;0,31;0;0;0,63;0;0;1,27;0,63;0,31;3,18;2,22;0;1,91;0;0,31;0,63;0;0;0;0,31;0;0;0;0;0;0;0;0;0;0;0;1,59;0;0;0;0;0;0;0;0;0;0,278;0;0,055;0,501;0;3,509;91;186;1
0;0,36;0;0;0;0,36;1,47;0;0;0,36;0,36;0,73;0;0;0;0,36;0;1,1;2,2;0;0,73;0;0,36;0;0;0;0;0;0;0;0;0;0;0;0;0;0;0;0;0;0;0;0;0;0;0;0;0;0;0,183;0;0,367;0,061;0,122;4;36;264;1
0;0;0;42,73;0;0;0,42;0;0;0,42;0;0,42;0;0;0,42;0;0;1,28;2,99;0;2,13;0;1,28;0;0;0;0;0;0;0;0;0;0;0;0;0;0,42;0;0;0;0;0;0;0;0;0;0;0;0;0;0;0;0,349;0;7;105;441;1
0;0,9;0;0;0;0;0;0;0;0;0;0,9;0;0;0;0;0;1,81;6,36;0;0,9;0;0;0;0;0;0;0;0;0;0;0;0;0;0;0;0;0;0;0;0;0;0;0;0;0;0;0;0;0,146;0;0,292;0;0;3;38;75;1
0;0;0;0;0;0;0;0;0;0;0;0;0;0;0;0;0;0;0;0;0;0;0;0;5,4;0;0;0;0;0;0;0;0;0;0;0;0;0;0;0;0;0;0;0;0;0;0;0;0;0;0;0,396;0;0,396;2,533;10;38;-1
0;0;0;0;0;0;0;0;0;0;0;3,03;0;0;0;0;0;0;1,51;0;0;0;0;0;0;0;0;0;0;0;0;0;0;0;0;0;0;0;0;0;0;0;0;0;0;0;0;0;0;0;0;0,595;0;0;1,5;4;15;-1
0,04;0,02;0,12;0;0,08;0,02;0;0,08;0;0,06;0,02;0,5;0,06;0;0,02;0,02;0,14;0,12;0,25;0;0,19;0;0,04;0;0;0;0,1;0;0,02;0;0;0;1,97;0;0;0,19;0,97;0,02;0;0,02;0,1;0,02;0;0,14;0;0,33;0,02;0,1;0,024;0,198;0;0;0,018;0,003;2,43;81;3337;-1
0;0;0;0;0;0;0;0;0;0;0;0;2,94;2,94;0;0;0;0;0;0;0;0;0;0;0;0;0;0;0;0;0;0;0;0;0;0;0;0;0;0;0;0;0;0;0;0;0;0;0;0;0;0;0;0;1,6;5;16;-1
0;0;0;0;0;0;0;0;0;0;0;0;0;0;0;20;0;0;0;0;0;0;0;0;0;0;20;0;0;0;0;0;0;0;0;0;0;0;0;0;0;0;0;0;0;0;0;0;0;0;0;0;0;0;1;1;4;-1
0;0;1,33;0;0;0;0;0;0,66;0;0;0;0;0;0;0;0;0;0;0;1,33;0;0;0;2;1,33;2;0,66;0,66;0,66;0,66;0,66;0;0,66;0,66;0,66;0;0;0,66;0,66;0;0;0,66;0;0,66;0;0;0;0,3;0,2;0,1;0;0;0;1,979;12;97;-1
0;0;0;0;0;0;2,22;2,22;0;0;0;0;0;0;0;0;0;0;0;0;0;0;0;0;0;0;0;0;0;0;0;0;0;0;0;0;0;0;0;0;0;0;0;0;0;0;0;0;0;0,665;0;0;0,665;0;4,571;25;64;-1
0;0;0;0;1,4;0;0;0;0;0;0;2,81;0;0;0;0;0;0;0;0;0;0;0;0;0;0;0;0;0;0;0;0;0;0;0;0;0;0;0;0;0;0;0;0;0;0;0;0;0;0;0;0,239;0;0;1,923;7;50;-1
0;0;0;0;0;0;0;0;0;0;0;0,33;0;0;0;0;0;0;4,29;0;2,64;0;0;0;0;0;0;0;0;0;0;0;0;0;0;0;0;0;0;0;0;0;0;0;0,66;0;0;0;0;0,058;0;0;0;0;1,153;3;15;-1
0;0;0,5;0;0;0;0;0;0;0;0;1;0;0;0;0;0;0;1;0;1,25;0;0;0;0,5;0,25;0;0;0;0;0;0;0;0;0;0;0,25;0;0;0;0;0;0;0;0;0;0;0;0;0,083;0;0;0;0,041;1,732;11;227;-1
0;0;0;0;0;0;0;0;0;0;0;0,72;0;0;0;0;0;0;1,45;0;2,18;0;0;0;1,45;0,72;1,45;0,72;0,72;0,72;0,72;0,72;0;0,72;0,72;0,72;0,72;0;0,72;0,72;0;0;0,72;0;0,72;0;0;0;0;0,367;0;0;0;0;1,897;12;74;-1
0;14,28;0;0;0;0;0;0;0;0;0;0;0;0;0;0;0;0;0;0;0;0;0;0;0;0;0;0;0;0;0;0;0;0;0;0;0;0;0;0;0;0;0;0;0;0;0;0;0;0;0;0;0;0;1,8;5;9;-1
0,17;0;0,08;0;0,42;0,08;0,08;0,42;0,08;0,08;0;0,6;0,17;0,17;0;0;0,17;0,08;1,2;0;3,17;0;0,34;0,08;0;0;0;0;0;0;0;0;0;0;0;0;0;0;0;0;0;0;0;0;0;0;0;0;0;0,081;0,027;0,095;0,013;0;4,07;48;574;1
0;0;0;0;0;0;0;1,08;0;0;0;0;0;1,08;0;0;0;0;0;0;0;0;1,08;0;0;0;0;0;0;0;0;0;0;0;0;0;0;0;0;0;0;0;0;0;1,08;0;0;0;0;0,191;0;0,191;0,383;0;3,95;23;79;1
0,08;0,16;0,32;0;1,38;0,16;0,08;0;0,24;0,08;0;1,3;0;0,08;0;0,48;0,08;0,08;3,5;0;0,73;0;0,08;0,16;0;0;0;0;0;0;0;0;0;0;0,08;0;0;0;0;0;0;0;0;0;0;0;0;0;0;0,085;0,061;0,39;0,097;0,012;5,594;119;1561;1
0;0;0,21;0;0;0,21;0;0;0;0;0;0;0;0;0;0;0;0;1,95;0;0,21;0;0;0;0;0;0;0;0;0;0;0;0;0;0;0;0;0;0;0;0;0;0;0;0;0;0;0;0,131;0,175;0;0;0;0;1;1;68;-1
0,42;0;0;0;0;0;0;0;0;0;0;0;0,85;0;0;0;0;0;4,25;0;0,85;0;0;0;0,42;0;0;0;0;0;0;0;0;0;0;0;0;0;0;0;0;0;0;0;0;0;0;0;0;0,374;0;0;0,124;0;1,772;18;78;-1
0,29;0;0,29;0;0;0;0;0;0,44;0,29;0;0,44;0;0;0;0,14;0;0;3,14;0;1,64;0;0;0,14;0;0;0;0;0;0;0;0;0;0;0;0;0;0;0;0;0;0;0;0;0;0;0;0;0,05;0,066;0;0,083;0,05;0;3,075;60;326;1
0,44;0;0;0;0,89;0;0;0;0;0,44;0;1,33;0;0;0;0,44;0;0;4,46;0;1,78;0;0;0,44;0;0;0;0;0;0;0;0;0;0;0;0;0;0;0;0;0;0;0;0;0,44;0;0;0;0;0;0;1,083;0,144;0,072;2,428;28;153;1
0;0;1,28;0;0;0;0;0;0;0;0;1,28;0;0;0;0;0;0;2,56;0;0;0;0;0;2,56;1,28;0;0;0;0;0;0;2,56;0;0;0;1,28;0;0;0;0;3,84;0;0;0;0;0;0;0;0,148;0,148;0;0;0;2,034;13;59;-1
0;0,79;0;0;0;0;0;0;0;0;0;0;0;0;0;0,79;1,58;1,58;3,96;0;1,58;0;0;0;0;0;0;0;0;0;0;0;0;0;0;0;0;0;0;0;0;0;0;0;0,79;0;0;0;0;0,268;0;0,268;0;0;2,815;26;107;1
0;0;0;0;0;0;0;0;0;0,45;0;0;0;0;0;0;0;0;0,45;0;1,35;0;0;0;1,35;1,35;1,35;1,35;0,9;0,45;0,45;0,45;0;0,45;1,35;0,45;0,45;0;0,45;0,45;0;0,45;0,45;0;0,45;0;0;0;0;0,358;0,43;0;0;0,071;2,236;12;161;-1
0;0;0;0;0;0;0;0;0;0;0;0;0;0;0;0;0;0;0;0;0;0;0;0;0;0;0;0;0;0;0;0;0;0;0;0;0;0;0;0;0;0;0;0;0;6,66;0;0;0;0,675;0;0;0;0;1;1;4;-1
0;0;0;0;1,91;0;0,31;0,31;0;0,31;0,63;1,59;0,63;0;0,63;0;0,63;2,23;3,19;0;1,59;0;0,31;0;0;0;0;0;0;0;0;0;0;0;0;0;0;0;0;0,63;0;0;0;0;0;0;0;0;0;0,092;0;0,323;0;0;2,15;18;86;1
0;0;0;0;0;0;0;0;0;0;0;0;0;0;0;0;0;0;0;0;0;0;0;0;0;0;0;0;0;0;0;0;0;0;0;0;0;0;0;0;0;0;0;0;0;0;0;0;0;0,526;0;0;0;0;1,529;6;26;-1
0;0;0;0;0,51;0;0;0;0;0;0;0,51;0;0;0;0;0;0,51;0;0;0;0;0;0;0;0;0;0;0;0;0;0;1,03;0;0;0;0,51;0;0;0;0;0;0;0,51;0;1,03;0;0;0;0;0;0;0;0;1,681;11;74;-1
2;0;0;0;0;0;0;0;0;0;2;2;0;0;0;0;0;0;2;0;8;0;0;0;0;0;0;0;0;0;0;0;0;0;0;0;0;0;0;0;0;0;0;0;0;0;0;0;0;0;0;0;0;0;5,888;29;53;-1
0,31;0,31;0,31;0;0;0;0,31;0;0,31;0,31;0,31;0,31;0;0;0;0,94;0;0;0,31;0;2,51;0;0;0,31;0;0;0;0;0;0;0;0;0;0;0;0,31;0;0;1,88;0;0;0;0;0;0;0;0;0;0;0,75;0;0,89;0,046;0,046;12,382;138;421;1
0;0;0;0;0;0;0;0;0;0;0;0;0;0;0;0;0;0;0;0;0;0;0;0;0;0;0;0;0;0;0;0;0;0;0;0;0;0;0;0;0;0;0;4,16;0;0;0;0;0;0;0;0;0;0;1,666;3;10;-1
0,1;0,2;1,01;0;0,8;0,8;0,5;0;0,8;0,1;0,3;0,7;0,3;0;1,61;0,1;0;1,11;1,31;0,2;0,7;0;0,6;0,1;0;0;0;0;0;0;0;0;0;0;0;0;0;0;0;0;0;0;0,2;0;0,1;0,1;0;0;0;0,11;0;0,49;0,158;0,015;8,55;669;1351;1
0;0;0;0;0;0;0;0;0;0;0;0;0;0;0;0;0;0;0;0;0;0;0;0;0;0;0;0;0;0;0;0;0;0;0;0;0;0;0;0;0;0;0;0;20;0;0;0;0;0;0;0;0;0;1;1;5;-1
0;0;0;0;0;0;4,54;0;0;0;0;0;0;0;0;0;0;0;0;0;0;0;0;0;0;0;0;0;0;0;0;0;0;0;0;0;0;0;0;0;0;0;0;0;0;0;0;0;0;0;0;0;0;0;1,8;9;18;1
0;0;0;0;0;0;0;0;0;0;0;0;0;0;0;0;0;0;0;0;0;0;0;0;16,66;0;0;0;0;0;0;0;0;0;0;0;0;0;0;0;0;0;0;0;0;0;0;0;0;0;0;0;0;0;3,125;17;25;-1
0;0;0;0;0;0;0;0;0;0,54;0;0;0,54;0;0;0;0;0;5,43;0;1,63;0;0;0;0;0;0;0;0;0;0;0;0;0;0;0;0;0;0;0;0;0;0;0,54;1,63;0,54;0;0;0;0,083;0;0;0;0;2,827;47;82;-1
0,06;0,12;0,77;0;0,19;0,32;0,38;0;0,06;0;0;0,64;0,25;0;0,12;0;0;0,12;1,67;0,06;0,71;0;0,19;0;0;0;0;0;0;0;0;0;0;0;0;0;0;0;0;0;0;0;0;0,06;0;0;0;0;0,04;0,03;0;0,244;0,081;0;1,729;43;749;1
0;0;0;0;0;0;0;0;0;0;0;0;0;0;0;0;0;0;0;0;0;0;0;0;0;0;0,5;0;0,5;0;0;0;0;0;0;0;0;0;0;0;0;0;0;0;0;0;0;0;0;0,501;0,167;0;0;0,083;3,983;28;239;-1
0;0;0;0;0;0;0;0;0;0;0;0;0;0;0;0;0;0;0;0;0;0;0;0;0;0;7,69;0;0;0;0;0;0;0;0;0;0;0;0;0;0;0;0;0;0;0;0;0;0;0;0;0;0;0;1;1;4;-1
0,34;0,42;0,25;0;0,08;0,42;0,08;0,25;0,08;1,62;0,34;0,51;0,94;0;0,17;0,08;0;0;3;0;0,94;0;0,34;0,34;0;0;0;0;0;0;0;0;0;0;0;0;0;0;0;0;0;0;0;0;0,17;0;0;0;0;0,065;0;0,261;0,294;0,065;3,282;62;535;1
0;0;0,85;0;0,42;0;0;0;0;0;0;0;0;0;0;0,42;0;0;2,14;0;1,28;0;0;0;0;0;0;0;0;0;0;0;0;0;0;0;0;0;0;0;0;0;0;0;0,42;0;0;0;0;0,159;0;1,117;0;0;1,206;7;117;1
0,02;0;0,15;0;0,24;0,31;0;0,04;0,22;0;0,02;0,08;0;0;0,02;0;0;0,02;0,08;0;0,06;0;0;0;0,44;0,47;0,02;0;0;0;0;0;0,11;0;0;0;0;0,02;0;0;0;0,02;0;0;0;0;0;0;0,185;0,15;0,044;0;0,006;0;2,838;52;2078;-1
0;0;0;0;0;0;0;0;0;0;0;0;0;0;0;0;0;0;0;0;0;0;0;0;0;0;20;0;0;0;0;0;0;0;0;0;0;0;0;0;0;0;0;0;0;0;0;0;0;0;0;0;0;0;1;1;5;-1
0;0;0;0;0,53;0;0,53;0;0,53;0;0;1,07;0;0;0;0;0;0;2,15;0;3,22;0;0;0;0;0;0;0;0;0;0;0;0;0;0;0;0;0;0;0;0;0;0;0;0;0;0;0;0;0;0;0,082;0;0;4,391;66;101;1
0;0;0;0;1,46;0;0,83;0;0,2;1,04;0;0,41;0;0;0;0;0;1,46;1,04;0;0,2;0;0,2;0;1,46;1,46;0;0;0;0;0;0;0;0;0;0;0;0;0,2;0;0;0;0;0;0;0;0;0;0,182;0,401;0,109;0,182;0,146;0;3,791;26;364;1
0;0;0;0;0;0;0;0;0;0;0;0;0;0;0;0,62;0,62;0;1,25;3,12;3,12;1,87;0;0;0;0;0;0;0;0;0;0;0;0;0;0;0;0;0;0;0;0;0;0;0;0;0;0;0;0,075;0;1,285;0,075;0,226;6,722;101;363;1
0,34;0,26;0,26;0;0,08;0,43;0,08;0,26;0,08;1,47;0,34;0,52;0,95;0;0,17;0,08;0;0;3,03;0;0,78;0;0,34;0,34;0;0;0;0;0;0;0;0;0;0;0;0;0;0;0;0;0;0;0;0;0,17;0;0;0;0;0,048;0;0,259;0,259;0,064;3,335;62;537;1
0;0;0;0;0;0;0;0;0;0;0;0;0;0;0;0;0;0;0;0;0;0;0;0;0;0;0;0;0;0;0;0;0;0;0;0;0;0;0;0;0;0;0;0;1,36;0;0;0;0;0,215;0;0;0,215;0;3,937;18;63;1
0;0;0;0;0;0;0;0;0;0;0;3,22;0;0;0;0;0;0;0;0;0;0;0;0;1,61;1,61;0;0;0;0;0;0;0;0;0;0;0;0;0;0;0;0;0;0;0;0;0;0;0;0,222;0;0;0;0;1,958;6;47;-1
0;0;0;1,16;0;0;0;0;0;0;0;0;0;0;0;0;0;0;3,48;0;2,32;0;0;2,32;0;0;0;0;0;0;0;0;0;0;0;0;0;0;0;0;0;0;0;0;0;0;0;0;0;0;0;0;0;0;8,733;42;131;1
0;0;0;0;0,8;0;0;0;0;0;0;0;0;0;0;0;0;0;0;0;1,61;0;0;0;0;0;0;0;0;0;0;0;1,61;0;0;0;0;0,8;0;0;0;0,8;0;0;0;0;0;0;0;0;0;0;0;0;1,35;3;54;-1
0;0;1,63;0;0;0;0;0;0;0;0;0;0;0;0;4,91;0;0;3,27;0;1,63;0;0;0;0;0;0;0;0;0;0;0;0;0;0;0;0;0;0;0;0;0;0;0;0;0;0;0;0;0;0;2,695;0;0;2,315;12;44;1
0;0;0;0;1,19;0;0;0;0;0;0;1,19;0;0;0;0;0;0;0;0;0;0;0;0;3,57;3,57;0;0;3,57;0;0;0;0;0;0;0;1,19;0;0;0;0;3,57;0;0;1,19;0;0;0;0;0;0;0;0;0;1,733;14;52;-1
1,18;0,39;0,59;0;0;0,98;0,19;0,19;1,38;0,39;0;0,98;0;0,19;0;0,98;0;0;2,56;0,39;1,38;0;0;1,38;0;0;0;0;0;0;0;0;0;0;0;0;0;0;0;0;0;0;0;0;0;0;0;0;0;0,231;0;0,745;0,308;0,025;6,652;76;632;1
0;0;0,28;0;0,16;0,18;0;0;0;0;0,02;0,09;0,11;0;0;0;0;0;0,14;0;0,02;0;0;0,04;0;0;0;0;0;0;0;0;0;0,07;0;0;0;0;0,02;0;0;0;0;0;0;0;0;0;0;0,116;0,021;0,034;0;0;16,587;154;9090;1
0;0;0;0;0;0;0;0;0;0;0;0;0;0;0;0;0;0;0;0;0;0;0;0;0;0;20;0;0;0;0;0;0;0;0;0;0;0;0;0;0;0;0;0;0;0;0;0;0;0;0;0;0;0;1;1;5;-1
0;0;0;0;0;0;0;0;0;0;0;0;0;0,83;0;0;0;0;0;0;0;0;0;0;0;0;0;1,66;0;0;0;0;0;0;0;0;0;0;0;0;0;0;0;0;0;2,5;0;0;0,121;0,605;0;0;0;0;2,222;22;100;1
0;0;0,23;0;0,92;0;0;0;0,23;0;0;0,92;0;0,92;0;0;0,23;0;0;0;0,23;0;0;0;0,23;0;0;0,23;0;0;0,23;0;0;0;0,23;0;0,23;0;0;0;0;0,92;0;0;0;0;0;0;0;0,13;0,026;0,026;0;0,026;2,222;23;480;-1
0;0;0,74;0;0,74;0;0;0,74;1,49;0;0;0;0;0;0;0;0;0;6,71;0;2,98;0;0;0;0;0;0;0;0;0;0;0;0;0;0;0;0;0;0;0;0;0;0;0;0;0;0;0;0;0;0;0,99;0;0;1,666;12;60;1
0;1,51;1,51;0;0,75;0;0;0;0,75;3,78;0;2,27;0;0;1,51;0;0,75;0;0,75;0;3,03;0;0;0;0;0;0;0;0;0;0;0;0;0;0;0;0;0;0;0;0;0;0;0;0;0;0;0;0;0;0;2,249;1,237;0;105,8;404;529;1
0;0;0;0;0;0;0;0;0;0;0;1,69;0;0;0;0;0;1,69;0;0;1,69;0;0;0;0;0;0;0;0;0;0;0;0;0;0;0;0;0;0;0;0;0;0;0;1,69;0;0;0;0;0;0;0,278;0;0;1,777;4;32;-1
0;0;0;0;0;0;0;0;0;0;0;0;0;0;0;0;0;0;1,66;0;0;0;0;0;0;0;1,66;0;0;0;0;0;0;0;0;0;0;0;0;0;0;0;0;0;0;0;0;0;0;0;0;0,304;0;0;2,125;9;34;-1
0;0;2,04;0;2,04;0;0;0;0;0;0;0;0;0;0;0;0;0;2,04;0;0;0;0;0;0;0;0;0;0;0;0;0;0;0;0;0;0;0;0;0;0;4,08;0;0;0;0;0;0;0;0,722;0;0;0;0;1,1;2;11;-1
0;0;0,94;0;0,31;0;0;0;0,31;0;0;0,62;0;0;0;1,25;0,62;0;3,14;0;1,25;0;0,94;0;0;0;0;0;0;0;0;0;0;0;0;0;0;0;0;0;0;0;0;0;0,31;0;0;0;0;0,145;0,048;0,485;0,388;0,097;3,322;61;319;1
0;0;0;0;0;0;0;0;0;0;0;0;0,68;0;0;0;0;0;4,1;0;0;0;0;0;0;0;0;0;0;0;0;0;0;0;0;0;0,68;0;0;0;0;0;0;0;0,68;3,42;0;0;0;0;0;0,109;0,218;0;1,897;15;74;-1
0,41;0;0,83;0;0;0,41;0;0;0;0;0;0,83;0;0;0;0;0;0;1,67;0;0,41;0;0;0;0;0;0,83;0;0;0,41;0;0;0;0;0;0;0;0;0;0;0;0;0,41;0;0;0;0;0;0;0;0;0;0;0;1,12;3;56;-1
0,14;0;0,21;0;1,72;0,43;0;0;0,07;0,14;0,07;0,57;0,35;0,07;0;0;0,28;0;4,31;0,28;0,64;0;1;0,07;0;0;0;0;0;0;0;0;0;0;0;0;0;0;0;0;0;0;0,07;0;0;0;0;0;0,012;0,064;0;0;0,206;0;1,711;10;380;1
